,id,conversation_id,created_at,date,timezone,place,tweet,language,hashtags,cashtags,user_id,user_id_str,username,name,day,hour,link,urls,photos,video,thumbnail,retweet,nlikes,nreplies,nretweets,quote_url,search,near,geo,source,user_rt_id,user_rt,retweet_id,reply_to,retweet_date,translate,trans_src,trans_dest
0,1512822968023457797,1512787374782222340,1649520077000.0,2022-04-10 00:01:17,+0800,,"@SoEinMist1971 @kriegundfreitag es geht gar nicht um Automarken. Bzw Autos (das ist doch dein Problem mit der Sache)  Ach, soll ich noch erw√§hnen, dass ich 47 werden musste f√ºr mein 1. eigenes (kleines!) Auto? Und nen Mercedes, BMW und Porsche vermutlich erkenne, es dann aber schon eng wird?",de,[],[],1247757036953022466,1247757036953022466,danny_mst,Danny,7,00,https://twitter.com/danny_mst/status/1512822968023457797,[],[],0,,False,0,0,0,,bmw OR BMW,,"48.864716,2.349014,500km",,,,,"[{'screen_name': 'SoEinMist1971', 'name': 'So Ein Mist', 'id': '781601787060953088'}, {'screen_name': 'kriegundfreitag', 'name': 'Krieg und Freitag', 'id': '843468126255759360'}]",,,,
1,1512822662883647491,1512822662883647491,1649520004000.0,2022-04-10 00:00:04,+0800,,"Le groupe BMW vise √† r√©duire les √©missions de CO2 de sa production de jantes, avec l‚Äôutilisation d‚Äô√©nergie verte ainsi que des mati√®res premi√®res secondaires.  https://t.co/3oc3rkMeyJ",fr,[],[],108910743,108910743,SportAutoMag,Sport Auto,7,00,https://twitter.com/SportAutoMag/status/1512822662883647491,['https://www.autoplus.fr/environnement/bmw-mini-jantes-aluminium-durables-569739.html#item=1?utm_campaign=post-auto&utm_medium=twitter'],[],0,,False,0,0,0,,bmw OR BMW,,"48.864716,2.349014,500km",,,,,[],,,,
2,1512818208004317186,1512679636332957697,1649518942000.0,2022-04-09 23:42:22,+0800,,@wahlstedt007 This goes a long way to describing BMW drivers‚Ä¶,en,[],[],22360414,22360414,lzyontz,MAD Scientistüë®‚Äçüî¨üí•,6,23,https://twitter.com/lzyontz/status/1512818208004317186,[],[],0,,False,0,0,0,,bmw OR BMW,,"48.864716,2.349014,500km",,,,,"[{'screen_name': 'wahlstedt007', 'name': 'Sidney W.üá©üá™üá∫üá≤üá∫üá¶', 'id': '1219902654492659712'}]",,,,
3,1512815584022790144,1512787427236016128,1649518316000.0,2022-04-09 23:31:56,+0800,,"@Oneworldnews_ Fine the bmw owner 1 billion rs and the driver of the vehicle with life imprisonment. Also revoke the owner the rights to own aey please.ny business, house, vehicle, licence, ownership. Being rich does not mean they can do as th",en,[],[],1390648062083670023,1390648062083670023,AarikiB,Aariki Brown,6,23,https://twitter.com/AarikiB/status/1512815584022790144,[],[],0,,False,2,0,1,,bmw OR BMW,,"48.864716,2.349014,500km",,,,,"[{'screen_name': 'Oneworldnews_', 'name': 'One world news', 'id': '1179713902478671872'}]",,,,
4,1512812346716033024,1512812346716033024,1649517544000.0,2022-04-09 23:19:04,+0800,,BMW M4 alternatief voor 50 mille ‚Äì Autoblog Advies  https://t.co/VTWgwyJlnG  https://t.co/wZWSYtcq6H,nl,[],[],915305129984823296,915305129984823296,StartNissan,Nissan Startpagina,6,23,https://twitter.com/StartNissan/status/1512812346716033024,['http://dlvr.it/SNGvqT'],['https://pbs.twimg.com/media/FP6Wz73acAIR6Jj.jpg'],1,https://pbs.twimg.com/media/FP6Wz73acAIR6Jj.jpg,False,0,0,0,,bmw OR BMW,,"48.864716,2.349014,500km",,,,,[],,,,
5,1512811814920327169,1512811814920327169,1649517418000.0,2022-04-09 23:16:58,+0800,"{'type': 'Point', 'coordinates': [51.5294, -0.0559]}",Frosty start this morning. . . #carroof #bmw #earlyriser #onlocation #dawn #shortfilm #fimmaking #photooftheday @ Bethnal Green  https://t.co/MtflrgsrG1,en,"['carroof', 'bmw', 'earlyriser', 'onlocation', 'dawn', 'shortfilm', 'fimmaking', 'photooftheday']",[],15365464,15365464,alex_osman,alex osman,6,23,https://twitter.com/alex_osman/status/1512811814920327169,['https://www.instagram.com/p/CcIpBGCqFuj/?igshid=YTgzYjQ4ZTY='],[],0,,False,0,0,0,,bmw OR BMW,,"48.864716,2.349014,500km",,,,,[],,,,
6,1512811485726187529,1512519295946969097,1649517339000.0,2022-04-09 23:15:39,+0800,,@HerrBonden What‚Äôs going on here @BMW ?,en,[],[],734705315724296192,734705315724296192,schrippenkarl,Cardioü´ÄBro,6,23,https://twitter.com/schrippenkarl/status/1512811485726187529,[],[],0,,False,0,0,0,,bmw OR BMW,,"48.864716,2.349014,500km",,,,,"[{'screen_name': 'HerrBonden', 'name': 'Mark', 'id': '352492241'}]",,,,
7,1512811302460215304,1512811302460215304,1649517295000.0,2022-04-09 23:14:55,+0800,,"‚ö°Ô∏è VENTES FLASH ‚ö°Ô∏è  üëÄ AWESAFE Autoradio pour BMW E46 S√©rie 3 M3 Rover 75 MG ZT [2Go+32Go] Android 10,Lecture  ‚ÄºÔ∏è Ô∏è Minimum Historique üí∞ Juste 226,09‚Ç¨ au lieu de 265,99‚Ç¨ (-15%) üïô L'offre se termine √† : 23:40  üîé  https://t.co/gaNw9QIe0X  https://t.co/IoQRQTShOA",fr,[],[],2186327268,2186327268,offres_france,France Offres,6,23,https://twitter.com/offres_france/status/1512811302460215304,['https://amzn.to/34kBViK'],['https://pbs.twimg.com/media/FP6V3PKWQAAfRNm.jpg'],1,https://pbs.twimg.com/media/FP6V3PKWQAAfRNm.jpg,False,0,0,0,,bmw OR BMW,,"48.864716,2.349014,500km",,,,,[],,,,
8,1512807367288709131,1512807367288709131,1649516357000.0,2022-04-09 22:59:17,+0800,,Mr &amp; Mrs Patel collecting their stunning new X3 from Joe Collier at Marshall #BMW #Salisbury. Congratulations and thank you for choosing Marshall. #marshallmoments  https://t.co/lV6npKPmSr,en,"['bmw', 'salisbury', 'marshallmoments']",[],1087009279,1087009279,Marshall_BMW,Marshall BMW,6,22,https://twitter.com/Marshall_BMW/status/1512807367288709131,[],['https://pbs.twimg.com/media/FP6SSC_XoAQqjLU.jpg'],1,https://pbs.twimg.com/media/FP6SSC_XoAQqjLU.jpg,False,2,0,0,,bmw OR BMW,,"48.864716,2.349014,500km",,,,,[],,,,
9,1512803814126014475,1512803814126014475,1649515510000.0,2022-04-09 22:45:10,+0800,,BMW i8 vs Tesla - –ê–Ω–æ–Ω—Å  https://t.co/QeJZbnKpgH,und,[],[],26058355,26058355,good_trades,good_trades,6,22,https://twitter.com/good_trades/status/1512803814126014475,['https://good-trade.livejournal.com/2600347.html'],[],0,,False,0,0,0,,bmw OR BMW,,"48.864716,2.349014,500km",,,,,[],,,,
10,1512801923774222338,1512743693865955328,1649515059000.0,2022-04-09 22:37:39,+0800,,"@anastazze @tomas_lamy @Epicier_du_coin @Ganmor4 @RaphaelTomei @wittgensteinien Pour recentrer, les micros voitures, depuis la Messerschmitt (la 1√®re?), n'ont jamais vraiment cartonner...  √Ä part la Fiat 500 (√† cause de la taille des rues?) et la Mini (√† cause des restrictions carburant).  BMW C1, Smart, √ßa n'accroche pas alors que c'est franchement parfait.",fr,[],[],2201271270,2201271270,BCPichon,Rapha√´l Pichon,6,22,https://twitter.com/BCPichon/status/1512801923774222338,[],[],0,,False,2,1,0,,bmw OR BMW,,"48.864716,2.349014,500km",,,,,"[{'screen_name': 'anastazze', 'name': 'Anaeline ing√© sorci√®re üåê', 'id': '1057959429830856704'}, {'screen_name': 'tomas_lamy', 'name': 'FNIQNCIER GOISTE', 'id': '2885885963'}, {'screen_name': 'Epicier_du_coin', 'name': 'ùï∞ÃÅùñïùñéùñàùñéùñäùñó ùñâùñö ùïÆùñîùñéùñì', 'id': '916786507'}, {'screen_name': 'Ganmor4', 'name': 'Gan üåê', 'id': '1097197119478345730'}, {'screen_name': 'RaphaelTomei', 'name': 'Tomei Har”Ñonnen üåê', 'id': '812343573312114688'}, {'screen_name': 'wittgensteinien', 'name': 'Wittgensteino-Aronienüåê', 'id': '1288208500955521028'}]",,,,
11,1512801832485146630,1512801832485146630,1649515038000.0,2022-04-09 22:37:18,+0800,,"En ik zie een zwarte BMW met zwarte velgjes. Goh, waarom zou de BMW bestuurder de macht verliezen? Omdat hij netjes 80km reedt?  Triest vd camper-bestuurder.",nl,[],[],918893786553602048,918893786553602048,ERIKMol3,Erik‚Ñ¢,6,22,https://twitter.com/ERIKMol3/status/1512801832485146630,[],[],0,,False,7,1,2,https://twitter.com/Stefanuzz/status/1512800773842866186,bmw OR BMW,,"48.864716,2.349014,500km",,,,,[],,,,
12,1512801761156902914,1512801761156902914,1649515021000.0,2022-04-09 22:37:01,+0800,,"Nope, no change at 7000rpm. (Yeah only 7000, because BMW.)",en,[],[],927140995938029568,927140995938029568,Zaack23,What good are notebooks?,6,22,https://twitter.com/Zaack23/status/1512801761156902914,[],[],0,,False,0,0,0,https://twitter.com/Zaack23/status/1512801099270475777,bmw OR BMW,,"48.864716,2.349014,500km",,,,,[],,,,
13,1512798348348203013,1512797556627148809,1649514207000.0,2022-04-09 22:23:27,+0800,,"I have no clue what this confused BMW driver is doing and neither do they. Poor @LibertyBusje driver stuck waiting. I manage to make my way past. Drivers, keep left for faster traffic such as cyclists please!  https://t.co/3N4HTD82fd",en,[],[],146729282,146729282,tombrossman,Tom Brossman,6,22,https://twitter.com/tombrossman/status/1512798348348203013,[],[],1,https://pbs.twimg.com/ext_tw_video_thumb/1512795639788322821/pu/img/odQX4uf_8mfrWWpi.jpg,False,0,2,0,,bmw OR BMW,,"48.864716,2.349014,500km",,,,,[],,,,
14,1512795947981590529,1512795947981590529,1649513635000.0,2022-04-09 22:13:55,+0800,,"Demand for electric vehicles rising but battery costs, policy inertia keep prices high as #lithium prices had risen in line with EV demand  https://t.co/Tlh7eSLSOL via @ABCaustralia #EUGreenDeal #ClimateActionNow #ElectricVehicles #ElectricCars #Evs #cars #VW #BMW #Volvo #Renault",en,"['lithium', 'eugreendeal', 'climateactionnow', 'electricvehicles', 'electriccars', 'evs', 'cars', 'vw', 'bmw', 'volvo', 'renault']",[],253615321,253615321,AlexWitzleben,Alexander von Witzleben,6,22,https://twitter.com/AlexWitzleben/status/1512795947981590529,['https://www.abc.net.au/news/2022-04-08/evs-in-demand-lithium-expensive-government-policy/100969628?utm_campaign=abc_news_web&utm_content=twitter&utm_medium=content_shared&utm_source=abc_news_web'],[],0,,False,2,0,1,,bmw OR BMW,,"48.864716,2.349014,500km",,,,,[],,,,
15,1512794726138843149,1512794726138843149,1649513343000.0,2022-04-09 22:09:03,+0800,,"The latest addition to my #etsy shop: BMW Car Print 1988, Original Advertising Wall Art  https://t.co/tuGIR79cVA #men #gift #present #bmw #dad #print #father #eighties #m3  https://t.co/oSHEcGLovC",en,"['etsy', 'men', 'gift', 'present', 'bmw', 'dad', 'print', 'father', 'eighties', 'm3']",[],470455655,470455655,RetroAdvertsUK,Retro Adverts,6,22,https://twitter.com/RetroAdvertsUK/status/1512794726138843149,['https://etsy.me/3v5UaBJ'],['https://pbs.twimg.com/media/FP6GyWoX0AElpBh.jpg'],1,https://pbs.twimg.com/media/FP6GyWoX0AElpBh.jpg,False,0,0,0,,bmw OR BMW,,"48.864716,2.349014,500km",,,,,[],,,,
16,1512789529459105792,1512789529459105792,1649512104000.0,2022-04-09 21:48:24,+0800,,"Marshall #BMW #Grimsby has some fantastic Approved Used models waiting to be snapped up! ¬† Why not speak to one of our BMW experts on 01472 276666, visit us on Grimsby Road, Laceby or view our stock here &gt;  https://t.co/bjGA7vd8Gj  https://t.co/5POSebTQ3q",en,"['bmw', 'grimsby']",[],1087009279,1087009279,Marshall_BMW,Marshall BMW,6,21,https://twitter.com/Marshall_BMW/status/1512789529459105792,['https://www.marshall.co.uk/bmw/used-cars/marshall-bmw-of-grimsby/'],"['https://pbs.twimg.com/media/FP6CDe9XwAI2K3k.jpg', 'https://pbs.twimg.com/media/FP6CDe-X0AIhlxI.jpg']",1,https://pbs.twimg.com/media/FP6CDe9XwAI2K3k.jpg,False,1,0,0,,bmw OR BMW,,"48.864716,2.349014,500km",,,,,[],,,,
17,1512787756417794054,1512784415742730248,1649511682000.0,2022-04-09 21:41:22,+0800,,"@ArmandVervaeck @Tesla @elonmusk Euh, dat bestaat al jarenlang bij BMW. Aanraken deurklink, automatisch openen van deuren en sluiten van ramen, deuren, open dak. Techniek kan overal toegepast worden. BMW is dan ook een topmerk.",nl,[],[],3008098197,3008098197,FelixClaes01,Felix Claes,6,21,https://twitter.com/FelixClaes01/status/1512787756417794054,[],[],0,,False,0,0,0,,bmw OR BMW,,"48.864716,2.349014,500km",,,,,"[{'screen_name': 'ArmandVervaeck', 'name': 'Armand VervaecküéóÔ∏è', 'id': '866157062'}, {'screen_name': 'Tesla', 'name': 'Tesla', 'id': '13298072'}, {'screen_name': 'elonmusk', 'name': 'Elon Musk', 'id': '44196397'}]",,,,
18,1512787701170331652,1512784533925605382,1649511668000.0,2022-04-09 21:41:08,+0800,,"@Stubbe_BE BMW i3, als ik mij niet vergis. Sowieso al een gatlelijk ding, naar mijn bescheiden mening üòÅ",nl,[],[],136355822,136355822,dbotterman,Daan Botterman,6,21,https://twitter.com/dbotterman/status/1512787701170331652,[],[],0,,False,1,1,0,,bmw OR BMW,,"48.864716,2.349014,500km",,,,,"[{'screen_name': 'Stubbe_BE', 'name': 'Steven üåª', 'id': '780010094180302849'}]",,,,
19,1512786681853792257,1512786681853792257,1649511425000.0,2022-04-09 21:37:05,+0800,,New EU directive will allow BMW drivers to use their indicators.,en,[],[],1334263254827274240,1334263254827274240,Avenger1100,Crimson Avenger üá¨üáß EXPOSE THE GREAT SUBVERSION,6,21,https://twitter.com/Avenger1100/status/1512786681853792257,[],[],0,,False,2,0,0,,bmw OR BMW,,"48.864716,2.349014,500km",,,,,[],,,,
20,1512785659135770627,1512785659135770627,1649511181000.0,2022-04-09 21:33:01,+0800,,"All-new, all-electric and all-commanding. The BMW iX is designed to make an impression. And it‚Äôs now available with a compelling 5.9% APR Representative.  ¬† See full offer details:  https://t.co/hLPGAMhV3t  Park Lane Ltd is a credit broker not a lender. Ts&amp;Cs apply.  https://t.co/PQ0byPcUxL",en,[],[],285105055,285105055,BMW_ParkLane,BMW Park Lane,6,21,https://twitter.com/BMW_ParkLane/status/1512785659135770627,['https://bit.ly/36UaaPg'],['https://pbs.twimg.com/media/FP5-idqWUAI2NNP.jpg'],1,https://pbs.twimg.com/media/FP5-idqWUAI2NNP.jpg,False,0,0,0,,bmw OR BMW,,"48.864716,2.349014,500km",,,,,[],,,,
21,1512785124731068421,1512397362630565890,1649511054000.0,2022-04-09 21:30:54,+0800,,@grigorev_studio @BMW Thank you! üñ§,en,[],[],604074050,604074050,maximzhestkov,Maxim Zhestkov,6,21,https://twitter.com/maximzhestkov/status/1512785124731068421,[],[],0,,False,0,0,0,,bmw OR BMW,,"48.864716,2.349014,500km",,,,,"[{'screen_name': 'grigorev_studio', 'name': 'grigorev studio', 'id': '1446083724534288387'}, {'screen_name': 'BMW', 'name': 'BMW', 'id': '1545994664'}]",,,,
22,1512782897538863120,1512725289754836992,1649510523000.0,2022-04-09 21:22:03,+0800,,"@LaurensKuijper @AylinBilic Heb ik wel gedaan (IS220D), prima auto, maar heb bij mijn huidige BMW meer gevoel.",nl,[],[],23936872,23936872,danielvanderree,Daniel van der Ree üá∫üá¶,6,21,https://twitter.com/danielvanderree/status/1512782897538863120,[],[],0,,False,0,1,0,,bmw OR BMW,,"48.864716,2.349014,500km",,,,,"[{'screen_name': 'LaurensKuijper', 'name': 'Laurens Kuijper', 'id': '2303248640'}, {'screen_name': 'AylinBilic', 'name': 'Aylin Bilic', 'id': '24663625'}]",,,,
23,1512782890622406656,1512782890622406656,1649510521000.0,2022-04-09 21:22:01,+0800,,Amplify your BMW with our BMW M Performance Partsüî• Take a look on our website today:   https://t.co/xPRCSBnke9  https://t.co/vOKB7neFKe,en,[],[],285105055,285105055,BMW_ParkLane,BMW Park Lane,6,21,https://twitter.com/BMW_ParkLane/status/1512782890622406656,['https://bit.ly/3GOcfZF'],"['https://pbs.twimg.com/media/FP58BMTX0AIbT_8.jpg', 'https://pbs.twimg.com/media/FP58BMRXMAcUMiU.jpg', 'https://pbs.twimg.com/media/FP58BMTX0AAA8lQ.jpg', 'https://pbs.twimg.com/media/FP58BMTWQAQkLF3.jpg']",1,https://pbs.twimg.com/media/FP58BMTX0AIbT_8.jpg,False,0,0,0,,bmw OR BMW,,"48.864716,2.349014,500km",,,,,[],,,,
24,1512780349658615811,1512768937326522368,1649509916000.0,2022-04-09 21:11:56,+0800,,@RedBSierra No worse than the average BMW,en,[],[],28549657,28549657,thealso,Jim Magill,6,21,https://twitter.com/thealso/status/1512780349658615811,[],[],0,,False,1,0,0,,bmw OR BMW,,"48.864716,2.349014,500km",,,,,"[{'screen_name': 'RedBSierra', 'name': 'Ryan üá¨üáßüè≥Ô∏è\u200düåà', 'id': '351889123'}]",,,,
25,1512779898099752963,1512779898099752963,1649509808000.0,2022-04-09 21:10:08,+0800,,ÿßŸÑÿµŸàÿ±ÿ© ÿ¨ŸÖŸäŸÑÿ© ÿ®ŸÑÿß ÿ¥ŸÉÿå ŸàŸÑŸÉŸÜ Ÿäÿ®ÿØŸà ÿ£ŸÜ ÿßŸÑÿ¥ŸÅÿ± ŸÖÿ≥ÿ±ŸàŸÇÿ© ŸÖŸÜ ÿßŸÑŸÉŸàŸäÿ™ ÿßÿ®ÿßŸÜ ÿßŸÑÿ∫ÿ≤Ÿàÿå ŸÑŸäÿ≥ÿ™ ŸÅŸÇÿ∑ ÿßŸÑÿ¥ŸÅÿ± ÿ®ŸÑ ŸÉÿ∞ŸÑŸÉ ÿ≥Ÿäÿßÿ±ÿßÿ™ BMW ÿ™ŸÖ ÿ≥ÿ±ŸÇÿ™Ÿáÿß ÿ£Ÿà ÿ™ŸÅŸÉŸäŸÉ ŸÖŸÉŸàŸÜÿßÿ™Ÿáÿß Ÿàÿ®ŸäÿπŸáÿß ŸàÿßŸÜÿ™ÿ¥ÿ±ÿ™ ŸÅŸä ÿßŸÑÿßÿ±ÿØŸÜ Ÿàÿ≥Ÿàÿ±Ÿäÿß Ÿàÿ™ÿ≠ÿØŸäÿØÿß ŸÖŸÜÿ∑ŸÇÿ© ÿßŸÑÿ≥ŸäÿØÿ© ÿ≤ŸäŸÜÿ® ÿ®ÿØŸÖÿ¥ŸÇ ŸàŸÉÿ∞ŸÑŸÉ ÿØÿßÿÆŸÑ ÿßŸÑÿπÿ±ÿßŸÇ,ar,[],[],1045768919825428485,1045768919825428485,edresbodabest,BODABEST,6,21,https://twitter.com/edresbodabest/status/1512779898099752963,[],[],0,,False,0,0,0,https://twitter.com/riam86831098/status/1512562057044013058,bmw OR BMW,,"48.864716,2.349014,500km",,,,,[],,,,
26,1512777923266236418,1512777923266236418,1649509337000.0,2022-04-09 21:02:17,+0800,,She just wanted u to know she has a BMW üòÇüòÇüòÇüòÇ,en,[],[],55891736,55891736,OzzaT_,√ñfentse McLovin',6,21,https://twitter.com/OzzaT_/status/1512777923266236418,[],[],0,,False,0,0,0,https://twitter.com/sliez0/status/1512777412614004742,bmw OR BMW,,"48.864716,2.349014,500km",,,,,[],,,,
27,1512777506704834563,1512777506704834563,1649509238000.0,2022-04-09 21:00:38,+0800,,"As well as being an urban automotive approved dealer and a driven land jet approved dealer, we source new cars from most manufacturers at very competitive rates including:  Audi Bentley BMW Lamborghini Mercedes Benz  Range Rover Rolls Royce   üíª  https://t.co/DOyP5hVnwA  https://t.co/ypbxjg5nLB",en,[],[],1501675111010680837,1501675111010680837,blacklabeluk_,Black Label Lifestyle,6,21,https://twitter.com/blacklabeluk_/status/1512777506704834563,['https://bit.ly/BlackLabelLifestyle'],['https://pbs.twimg.com/media/FP53IAjXIAIqw2k.jpg'],1,https://pbs.twimg.com/media/FP53IAjXIAIqw2k.jpg,False,0,0,0,,bmw OR BMW,,"48.864716,2.349014,500km",,,,,[],,,,
28,1512777362047307783,1512777362047307783,1649509203000.0,2022-04-09 21:00:03,+0800,,"R√©cemment, une Porsche 911 G Cabriolet a subi un restomod avec un moteur √©lectrique de BMW i3. Une modernisation assez impressionnante. Qui l‚Äôaurait cru ?  https://t.co/eY2IscuYWd",fr,[],[],108910743,108910743,SportAutoMag,Sport Auto,6,21,https://twitter.com/SportAutoMag/status/1512777362047307783,['https://www.autoplus.fr/porsche/911/cette-porsche-911-g-restomod-dispose-dun-moteur-electrique-signe-bmw-569587.html#item=1?utm_campaign=post-auto&utm_medium=twitter'],[],0,,False,1,0,0,,bmw OR BMW,,"48.864716,2.349014,500km",,,,,[],,,,
29,1512773228489547778,1512773228489547778,1649508218000.0,2022-04-09 20:43:38,+0800,,Someone buy me a BMW Z4 and I‚Äôll pay you back in instalments,en,[],[],2799499959,2799499959,moonlhse,Alaska,6,20,https://twitter.com/moonlhse/status/1512773228489547778,[],[],0,,False,0,0,0,,bmw OR BMW,,"48.864716,2.349014,500km",,,,,[],,,,
30,1512772938226933764,1512772938226933764,1649508149000.0,2022-04-09 20:42:29,+0800,,"Has Euro English finally won? A ‚ÄúBeamer‚Äù is not an actual thing in English, unless you are using a faintly ghastly abbreviation to boast about your BMW.  https://t.co/8yCbtRKz4H",en,[],[],297070054,297070054,dzyrl,Jane Zacharzewski,6,20,https://twitter.com/dzyrl/status/1512772938226933764,[],['https://pbs.twimg.com/media/FP5y96hWUAUvvy6.jpg'],1,https://pbs.twimg.com/media/FP5y96hWUAUvvy6.jpg,False,1,0,0,,bmw OR BMW,,"48.864716,2.349014,500km",,,,,[],,,,
31,1512767379549347843,1512767379549347843,1649506823000.0,2022-04-09 20:20:23,+0800,,Future #BMW M3 CSL (2022) : premi√®res photos des prototypes.  &gt;  https://t.co/xAJRbwVU1i   @BMW @BMWFrance @BMWGroupFrance  https://t.co/QqtqkZB8cO,fr,['bmw'],[],365946436,365946436,JJODRY,Julien JODRY,6,20,https://twitter.com/JJODRY/status/1512767379549347843,['https://www.auto-moto.com/nouveautes/scoop/future-bmw-m3-csl-2022-premieres-photos-prototypes-333917.html'],['https://pbs.twimg.com/media/FP5t6OmX0AMJBpT.jpg'],1,https://pbs.twimg.com/media/FP5t6OmX0AMJBpT.jpg,False,3,0,0,,bmw OR BMW,,"48.864716,2.349014,500km",,,,,[],,,,
32,1512766766946131973,1512552818619699203,1649506677000.0,2022-04-09 20:17:57,+0800,,"@RegardSurSport La F1 ne s'est pas mieux port√©e lorsqu'elle a eu Jaguar, Toyota, Honda, Ferrari, Renault, McLaren-Mercedes, Ferrari, BMW  Tu vis pas aux US üòÖ.",fr,[],[],1030494494091866113,1030494494091866113,CultOurs_NL,üá≥üá±üá®üáµ CultOurs üíôü§ç,6,20,https://twitter.com/CultOurs_NL/status/1512766766946131973,[],[],0,,False,0,0,0,,bmw OR BMW,,"48.864716,2.349014,500km",,,,,"[{'screen_name': 'RegardSurSport', 'name': 'NR üáÆüá∑ (üó£ üá´üá∑) ‚òÆÔ∏èüá∫üá¶', 'id': '1249491429828648960'}]",,,,
33,1512766022394208266,1512766022394208266,1649506500000.0,2022-04-09 20:15:00,+0800,,"Live @750MotorClub racing from Croft Circuit can be found here:  https://t.co/E3cqBBZggR  Racing today are BMW Car Club, Type-R Trophy, Sports 1000, Clio Sport, 5Club MX5, Ma7da and Hot Hatch.",en,[],[],491503700,491503700,Joshcommentator,Joshua Barrett,6,20,https://twitter.com/Joshcommentator/status/1512766022394208266,['https://www.youtube.com/watch?v=_hq30TLmKb0'],[],0,,False,1,0,1,,bmw OR BMW,,"48.864716,2.349014,500km",,,,,[],,,,
34,1512763094119952385,1512763094119952385,1649505802000.0,2022-04-09 20:03:22,+0800,,üî•üî•üî•This is selling fast! üî•üî•üî•  üí•üí•BMW F10 5 Series 3D Style Carbon Fibre Front Splitter 10-17 üí•üí•  Speak to us for your CF doseüòçüòç  üöóLike ‚óè Follow ‚óè Share üöï  https://t.co/MYvzlAONxE,en,[],[],1141420767307075584,1141420767307075584,CarbonFactory3,Carbon Factory,6,20,https://twitter.com/CarbonFactory3/status/1512763094119952385,[],['https://pbs.twimg.com/media/FP5qBKGWUAMbwSK.jpg'],1,https://pbs.twimg.com/media/FP5qBKGWUAMbwSK.jpg,False,0,0,0,,bmw OR BMW,,"48.864716,2.349014,500km",,,,,[],,,,
35,1512762252692058119,1512762252692058119,1649505601000.0,2022-04-09 20:00:01,+0800,,Oil Temperature Sensor (12V) For #BMW #MG #Rover  #D2Putoparts   https://t.co/BczmggBKcd,no,"['bmw', 'mg', 'rover', 'd2putoparts']",[],2512498700,2512498700,D2Pautoparts,D2P Autoparts,6,20,https://twitter.com/D2Pautoparts/status/1512762252692058119,['https://d2pautoparts.com/collections/repair-parts/products/engine-coolant-water-oil-temperature-sensor-for-bmw-mg-landrover-rover-mek000030l'],[],0,,False,0,0,0,,bmw OR BMW,,"48.864716,2.349014,500km",,,,,[],,,,
36,1512761565149372416,1512761565149372416,1649505437000.0,2022-04-09 19:57:17,+0800,,"üü° #iRacing #24h_of_Nurburgring üü°  New colours, new design, new partners, new website and.. NEW RACEDAY üèÅ   ‚è∞ At 14:00pm (BST), the 24h of Nurburgring on @iRacing begins!  OTR John02 üá´üá∑/ OTR Angy02 üá´üá∑ and OTR Amnezouz üá´üá∑ compose #Team_OTR_BarjoZoku on BMW M4 GT3  Good Luck üí™üèª  https://t.co/zZPROklrkV",en,"['iracing', '24h_of_nurburgring', 'team_otr_barjozoku']",[],981799307111288832,981799307111288832,OTReSport,OTR e-Sport,6,19,https://twitter.com/OTReSport/status/1512761565149372416,[],['https://pbs.twimg.com/media/FP5on9kWYAM7xKB.jpg'],1,https://pbs.twimg.com/media/FP5on9kWYAM7xKB.jpg,False,6,0,1,,bmw OR BMW,,"48.864716,2.349014,500km",,,,,[],,,,
37,1512760965418438662,1512760965418438662,1649505294000.0,2022-04-09 19:54:54,+0800,,Pour sa premi√®re paie en suisse ma m√®re elle nous a promis de nous acheter ce qu'on voudrait j'ai demand√© un bmw 325,fr,[],[],1374671188753063937,1374671188753063937,Melih2880,‚Äé–ú–µlih,6,19,https://twitter.com/Melih2880/status/1512760965418438662,[],[],0,,False,1,1,0,,bmw OR BMW,,"48.864716,2.349014,500km",,,,,[],,,,
38,1512758560555425792,1512743693865955328,1649504721000.0,2022-04-09 19:45:21,+0800,,"@Epicier_du_coin @LChaffouin Y'a un super √©pisode de POG sur le changement ligne/calandre BMW...  Moi qui suis addict √† BMW (moteur, ch√¢ssis, position de conduite, design), je m'arr√™te √† la g√©n√©ration F (l'une des plus aboutie je trouve)...",fr,[],[],2201271270,2201271270,BCPichon,Rapha√´l Pichon,6,19,https://twitter.com/BCPichon/status/1512758560555425792,[],[],0,,False,1,0,0,,bmw OR BMW,,"48.864716,2.349014,500km",,,,,"[{'screen_name': 'Epicier_du_coin', 'name': 'ùï∞ÃÅùñïùñéùñàùñéùñäùñó ùñâùñö ùïÆùñîùñéùñì', 'id': '916786507'}, {'screen_name': 'LChaffouin', 'name': 'Le Chafouin #FrAgTw', 'id': '1175048050412273664'}]",,,,
39,1512756929407377416,1512756929407377416,1649504332000.0,2022-04-09 19:38:52,+0800,,üá´üá∑ Dijon - BMW M6 GT3  https://t.co/aTwCWNs0BP,lv,[],[],3057372238,3057372238,Racetivity,Racetivity.fr,6,19,https://twitter.com/Racetivity/status/1512756929407377416,[],['https://pbs.twimg.com/media/FP5kZ9CX0AYUEFX.jpg'],1,https://pbs.twimg.com/media/FP5kZ9CX0AYUEFX.jpg,False,1,0,0,,bmw OR BMW,,"48.864716,2.349014,500km",,,,,[],,,,
40,1512753047914565635,1512452097748443137,1649503406000.0,2022-04-09 19:23:26,+0800,,@K1TSUNE20 @AlexCobb_ Not as much as BMW though,en,[],[],1244278864295198720,1244278864295198720,XrpLauren,MagicXRP,6,19,https://twitter.com/XrpLauren/status/1512753047914565635,[],[],0,,False,0,1,0,,bmw OR BMW,,"48.864716,2.349014,500km",,,,,"[{'screen_name': 'K1TSUNE20', 'name': 'K1TSUNE', 'id': '1463177052509536256'}, {'screen_name': 'AlexCobb_', 'name': 'Alex Cobb', 'id': '947567484533596160'}]",,,,
41,1512752845497552897,1512456678653972484,1649503358000.0,2022-04-09 19:22:38,+0800,,@perfumeithaki @redflag3rd @cool_grandad USA greedy for BMW ?   Biden made wheels lol,en,[],[],79769567,79769567,manatrue,bee hive ü•ÄEX-LABOUR MEMBERü•Ä,6,19,https://twitter.com/manatrue/status/1512752845497552897,[],[],0,,False,2,1,1,,bmw OR BMW,,"48.864716,2.349014,500km",,,,,"[{'screen_name': 'perfumeithaki', 'name': 'üåπ‚úäSocialist girl‚úäüåπ', 'id': '40133712'}, {'screen_name': 'redflag3rd', 'name': 'Eunice Somers EX LABOUR MEMBER', 'id': '1004220360'}, {'screen_name': 'cool_grandad', 'name': 'CoolSocialistGrandad election was fixed JC4PM', 'id': '1231944053496913920'}]",,,,
42,1512752665003966464,1512752665003966464,1649503315000.0,2022-04-09 19:21:55,+0800,,"When Brentford were in the Championship I used to watch their games a lot. Their trio 'BMW' (Benrahma, Mbuemo and Watkins) used to tear the league apart. They probably deserved to be promoted in the 19/20 season but lost to Fulham who got relegated again.",en,[],[],1434122648422858761,1434122648422858761,97_affan,Affan_WHUFC,6,19,https://twitter.com/97_affan/status/1512752665003966464,[],[],0,,False,0,0,0,,bmw OR BMW,,"48.864716,2.349014,500km",,,,,[],,,,
43,1512752406219698182,1512752406219698182,1649503253000.0,2022-04-09 19:20:53,+0800,,üóû  Future BMW M3 CSL (2022) : premi√®res photos des prototypes    https://t.co/GxoqoS0GVr  https://t.co/Fv4ZAW4Spm,fr,[],[],2814900559,2814900559,AutoMotoOffi,Auto Moto Officiel,6,19,https://twitter.com/AutoMotoOffi/status/1512752406219698182,['https://www.auto-moto.com/nouveautes/scoop/future-bmw-m3-csl-2022-premieres-photos-prototypes-333917.html?utm_source=rss_feed&utm_medium=link&utm_campaign=unknown&utm_campaign=post-auto&utm_medium=twitter&utm_source=default'],['https://pbs.twimg.com/media/FP5gS_SXMAIKP_g.jpg'],1,https://pbs.twimg.com/media/FP5gS_SXMAIKP_g.jpg,False,2,0,0,,bmw OR BMW,,"48.864716,2.349014,500km",,,,,[],,,,
44,1512751112247558151,1512742614826688516,1649502945000.0,2022-04-09 19:15:45,+0800,,"@motomatters Jeez how bad is Scott Redding doing on the BMW, he‚Äôs getting out qualified by all other BMW riders, even the stand in temp rider, not looking good for him at all.",en,[],[],191930635,191930635,IkeHorsman,Ike Horsman,6,19,https://twitter.com/IkeHorsman/status/1512751112247558151,[],[],0,,False,1,0,0,,bmw OR BMW,,"48.864716,2.349014,500km",,,,,"[{'screen_name': 'motomatters', 'name': 'David Emmett', 'id': '22626973'}]",,,,
45,1512750627604082693,1512519295946969097,1649502829000.0,2022-04-09 19:13:49,+0800,,@HerrBonden @BMW_UK what are your thoughts on this chain of tweets? If it is genuine then please comment. If it is bogus then please get it removed. It‚Äôs YOUR Brand. @BMWGroup,en,[],[],210618102,210618102,cjdracing1969,Chris Davis,6,19,https://twitter.com/cjdracing1969/status/1512750627604082693,[],[],0,,False,3,0,0,,bmw OR BMW,,"48.864716,2.349014,500km",,,,,"[{'screen_name': 'HerrBonden', 'name': 'Mark', 'id': '352492241'}]",,,,
46,1512748290097491970,1512745035040804869,1649502272000.0,2022-04-09 19:04:32,+0800,,"@theniki94 nah BMW wouldn't re-enter, it's just kind of funny that there's this strange web of Audi/Merc/BMW - Nissan would be the most likely, they want a customer team (as do Porsche)",en,[],[],18684323,18684323,HSouthwellFE,Hazel Southwell,6,19,https://twitter.com/HSouthwellFE/status/1512748290097491970,[],[],0,,False,7,2,0,,bmw OR BMW,,"48.864716,2.349014,500km",,,,,"[{'screen_name': 'theniki94', 'name': 'Rome Eprix Season 8 ‚ù§Ô∏èü§ç', 'id': '77006175'}]",,,,
47,1512748123419906052,1512613715543310336,1649502232000.0,2022-04-09 19:03:52,+0800,,@OddBawZ Loving that two-tone BMW. Love the old style,en,[],[],893892764668235776,893892764668235776,KieranR71745774,Kroberto,6,19,https://twitter.com/KieranR71745774/status/1512748123419906052,[],[],0,,False,0,0,0,,bmw OR BMW,,"48.864716,2.349014,500km",,,,,"[{'screen_name': 'OddBawZ', 'name': 'OddBawZ', 'id': '1035280792598011904'}]",,,,
48,1512747391719518209,1512745035040804869,1649502058000.0,2022-04-09 19:00:58,+0800,,@HSouthwellFE BMW again? We've already been through this. Also i read here for Nissan but I'm not sure  https://t.co/LLZeY59oVa,en,[],[],77006175,77006175,theniki94,Rome Eprix Season 8 ‚ù§Ô∏èü§ç,6,19,https://twitter.com/theniki94/status/1512747391719518209,['https://the-race.com/formula-e/nissan-deal-for-mclaren-linked-mercedes-formula-e-team-takeover/'],[],0,,False,2,1,0,,bmw OR BMW,,"48.864716,2.349014,500km",,,,,"[{'screen_name': 'HSouthwellFE', 'name': 'Hazel Southwell', 'id': '18684323'}]",,,,
49,1512747209049223171,1512747209049223171,1649502014000.0,2022-04-09 19:00:14,+0800,,"onlar genelde bmw,merso veya rangelerde oluyor üôÉ",tr,[],[],1338096658396160009,1338096658396160009,bugibugibugii,bugibugibugiüá¨üáß,6,19,https://twitter.com/bugibugibugii/status/1512747209049223171,[],[],0,,False,2,0,0,https://twitter.com/sndemyx/status/1512432194622562312,bmw OR BMW,,"48.864716,2.349014,500km",,,,,[],,,,
50,1512745822588325888,1512675632639098881,1649501684000.0,2022-04-09 18:54:44,+0800,,"@ArnoJaspers @SergeCornelus @DucatiMotor @ibert @SaroleaMoto @ZeroMotorbike Welja, denk dat grote merken inderdaad nog bezig zijn met het opdoen van ervaring met de tech, een CE04 is daar een goed platform voor, de rest zal BMW ook wel leren in z'n auto's en van competitie zoals Zero. Heb zelf niet echt een 'voorkeur' voor elektrisch, maar wel benieuwd.",nl,[],[],24353368,24353368,inframe,Olivier,6,18,https://twitter.com/inframe/status/1512745822588325888,[],[],0,,False,1,0,0,,bmw OR BMW,,"48.864716,2.349014,500km",,,,,"[{'screen_name': 'ArnoJaspers', 'name': 'Arno F. Jaspers', 'id': '23125706'}, {'screen_name': 'SergeCornelus', 'name': 'Serge Cornelus', 'id': '253043151'}, {'screen_name': 'DucatiMotor', 'name': 'Ducati', 'id': '38949480'}, {'screen_name': 'ibert', 'name': 'Bert Van Wassenhove üåà', 'id': '1666941'}, {'screen_name': 'SaroleaMoto', 'name': 'Sarol√©a motorcycles', 'id': '2250490904'}, {'screen_name': 'ZeroMotorbike', 'name': 'Zero Motorcycles', 'id': '84554982'}]",,,,
51,1512745036382937095,1512745035040804869,1649501496000.0,2022-04-09 18:51:36,+0800,,"(because McL are developing an EV platform with BMW, if rumours are to be believed. anyway, all of this is ‚ú®speculation‚ú® of course)  (McL signed an agreement to explore an FE entry in January 2021, that bit's for sure &amp; it's all been quite quiet since but Gen3 comes soon...)",en,[],[],18684323,18684323,HSouthwellFE,Hazel Southwell,6,18,https://twitter.com/HSouthwellFE/status/1512745036382937095,[],[],0,,False,61,2,2,,bmw OR BMW,,"48.864716,2.349014,500km",,,,,[],,,,
52,1512745035040804869,1512745035040804869,1649501496000.0,2022-04-09 18:51:36,+0800,,"the baffling web of German OEMs and McLaren rumours continue: looks likely McL will rebadge the current Merc FE team - they'd need a powertrain supplier for next year, though, since Merc are out. BMW would be the obvious except they are too...",en,[],[],18684323,18684323,HSouthwellFE,Hazel Southwell,6,18,https://twitter.com/HSouthwellFE/status/1512745035040804869,[],[],0,,False,160,6,7,,bmw OR BMW,,"48.864716,2.349014,500km",,,,,[],,,,
53,1512740633655615494,1512740633655615494,1649500447000.0,2022-04-09 18:34:07,+0800,,"Scott Redding has been struggling and qualified in 16th for the #AragonWorldSBK.  BMW boss Shaun Muir tells @charliehiscott about the ""culture shock"" his new rider is experiencing.  https://t.co/XgrHZhsRCS",en,['aragonworldsbk'],[],25268540,25268540,eurosport,Eurosport,6,18,https://twitter.com/eurosport/status/1512740633655615494,[],[],1,https://pbs.twimg.com/media/FP5VjpqX0AEsZ7s.jpg,False,5,0,0,,bmw OR BMW,,"48.864716,2.349014,500km",,,,,[],,,,
54,1512740119995994116,1512719927756701698,1649500324000.0,2022-04-09 18:32:04,+0800,,@chauspain @NJCDevelopments Huracan at Barcelona was tough.   Nordschleife BMW circuit experience is horrible. Just not good enough for that.,en,[],[],22136529,22136529,norramot,Tom Arron,6,18,https://twitter.com/norramot/status/1512740119995994116,[],[],0,,False,1,1,0,,bmw OR BMW,,"48.864716,2.349014,500km",,,,,"[{'screen_name': 'chauspain', 'name': 'Joe Alexander', 'id': '95943662'}, {'screen_name': 'NJCDevelopments', 'name': 'Nick Creed', 'id': '607988042'}]",,,,
55,1512740002043551752,1512740002043551752,1649500296000.0,2022-04-09 18:31:36,+0800,,"A cracking start to the weekend, P1 in Fiesta Juniors FP1 and P2 in BMW Comapct Qualifying üëåüèª#fiestajuniorchampionship #thomasjackracing @ Brands Hatch  https://t.co/EMILLGmgbx",en,"['fiestajuniorchampionship', 'thomasjackracing']",[],555130129,555130129,RCConsultant,Race Car Consultants,6,18,https://twitter.com/RCConsultant/status/1512740002043551752,['https://www.instagram.com/p/CcIIXbitF-n/?igshid=YTgzYjQ4ZTY='],[],0,,False,0,0,0,,bmw OR BMW,,"48.864716,2.349014,500km",,,,,[],,,,
56,1512739964118781956,1512739964118781956,1649500287000.0,2022-04-09 18:31:27,+0800,,people are going be concerned to see @Reddingpower so far back and get out qualified by Ilya Mikhalchik but this unknown Ukrainian kid has BMW experience Redding doesn't its going to take time,en,[],[],73981187,73981187,SteffanBow,Steffan Lloyd Bowen,6,18,https://twitter.com/SteffanBow/status/1512739964118781956,[],[],0,,False,0,0,0,,bmw OR BMW,,"48.864716,2.349014,500km",,,,,[],,,,
57,1512739221051748358,1512517636122365953,1649500110000.0,2022-04-09 18:28:30,+0800,,@NeLLY_007_ @bengibaser BMW marka cip once bogaz kenari bir restoranda daha sonra bir ciftlikte yenen yemekler. Islam alimi degilim ama satafatin ve sasanin ve din uzerinden para kazanmanin gunah oldugunu biliyorum.,tr,[],[],1276205155529240576,1276205155529240576,Wingard95705342,Primus Inter Pares,6,18,https://twitter.com/Wingard95705342/status/1512739221051748358,[],[],0,,False,1,0,0,,bmw OR BMW,,"48.864716,2.349014,500km",,,,,"[{'screen_name': 'NeLLY_007_', 'name': '‚ú®NeLLy‚ú®üáπüá∑', 'id': '1329883718010466317'}, {'screen_name': 'bengibaser', 'name': 'Prof. Dr. Bengi BA≈ûER', 'id': '1013204313026555908'}]",,,,
58,1512737667338977282,1512737667338977282,1649499739000.0,2022-04-09 18:22:19,+0800,,Bmw S√©rie 3 Touring 318d Toit Ouvrant+Affichage tete haute+Gps+Coffre √©l...  https://t.co/kyWipnlHZT via @YouTube,fr,[],[],1105042914479087616,1105042914479087616,RhinRhoneAutos_,Rhin Rh√¥ne Autos Wittenheim,6,18,https://twitter.com/RhinRhoneAutos_/status/1512737667338977282,['https://youtu.be/QI8SepZ9CWk'],[],0,,False,0,0,0,,bmw OR BMW,,"48.864716,2.349014,500km",,,,,[],,,,
59,1512737279399313411,1512737279399313411,1649499647000.0,2022-04-09 18:20:47,+0800,,Live now   2014 BMW 330d M sport  https://t.co/7H7G5mgP2u via @YouTube,en,[],[],223829468,223829468,simonshieldcars,Simon Shield Cars,6,18,https://twitter.com/simonshieldcars/status/1512737279399313411,['https://youtu.be/jRfTN3iNfsY'],[],0,,False,0,0,0,,bmw OR BMW,,"48.864716,2.349014,500km",,,,,[],,,,
60,1512737132414132232,1512737132414132232,1649499612000.0,2022-04-09 18:20:12,+0800,,Here‚Äôs Harrison Jackson on his first day as a Sales Executive at Marshall #BMW #Grimsby with his #NewStarter goodies. ¬† Welcome to the team ‚Äì we wish you all the best in your new role! #marshallmoments  https://t.co/ORNPdzirC8,en,"['bmw', 'grimsby', 'newstarter', 'marshallmoments']",[],1087009279,1087009279,Marshall_BMW,Marshall BMW,6,18,https://twitter.com/Marshall_BMW/status/1512737132414132232,[],['https://pbs.twimg.com/media/FP5SZvyXIAYg794.jpg'],1,https://pbs.twimg.com/media/FP5SZvyXIAYg794.jpg,False,0,0,0,,bmw OR BMW,,"48.864716,2.349014,500km",,,,,[],,,,
61,1512736492510142470,1512736492510142470,1649499459000.0,2022-04-09 18:17:39,+0800,,On the subject of bad driving.  Yesterday I was in a 20 zone negotiating speed humps with a wheelchair user on board (They feel every bump) doing about 2MPH over the humps. I was also approaching a school. 4 series BMW decides to overtake at about 40MPHü§¨ Camera footage submitted,en,[],[],873479521,873479521,Tony_Bike_AI,Tony Carter,6,18,https://twitter.com/Tony_Bike_AI/status/1512736492510142470,[],[],0,,False,2,0,0,,bmw OR BMW,,"48.864716,2.349014,500km",,,,,[],,,,
62,1512736343729790978,1512736343729790978,1649499424000.0,2022-04-09 18:17:04,+0800,,"DEAL OF THE DAY - NEW BMW 5 Series  Save 15.1% - ¬£9,128 off list price  BMW 530d xDrive Touring 3.0d MHT 286 M Sport Pro Step Auto8  For more details, visit  https://t.co/sr0mjdrGJi  Watch NEW BMW 5 Series Review  https://t.co/6nIYFehtm0  https://t.co/kqapMPpmae",en,[],[],24619221,24619221,autoebid,AutoeBid - New Car Deals,6,18,https://twitter.com/autoebid/status/1512736343729790978,"['https://www.autoebid.com/new-cars/BMW/5-Series/Touring-M-Sport-Pro-3.0d-MHT-286-SS-uk-deals', 'https://youtu.be/nJmHXGqASN4']",[],1,https://pbs.twimg.com/ext_tw_video_thumb/1512701876223057922/pu/img/7p_U2l-djQkYC_cg.jpg,False,0,0,0,,bmw OR BMW,,"48.864716,2.349014,500km",,,,,[],,,,
63,1512734565810458630,1512151645441961994,1649499000000.0,2022-04-09 18:10:00,+0800,,@jonathan__AGM C‚Äôest exactement √ßa on nous propose du contenu en fonction de nos int√©r√™ts  J‚Äôai que des bmw sur Twitter pour autant c‚Äôest pas tlmd que a,fr,[],[],1488207979195338753,1488207979195338753,mohabnz_6,mohaüá≤üá¶me faites pas sauter,6,18,https://twitter.com/mohabnz_6/status/1512734565810458630,[],[],0,,False,0,0,0,,bmw OR BMW,,"48.864716,2.349014,500km",,,,,"[{'screen_name': 'jonathan__AGM', 'name': 'Inner Jo', 'id': '107629617'}]",,,,
64,1512733662806216707,1512733662806216707,1649498785000.0,2022-04-09 18:06:25,+0800,,"WOW! A New #M4 available for immediate delivery at Marshall #BMW #Salisbury!   The BMW M4 Competition lives up to expectations thanks to its new 3.0 litre straight-six cylinder M TwinPower Turbo engine, which now comes with two turbochargers, and an eight-speed M Steptronic  https://t.co/ndrMF46X9O",en,"['m4', 'bmw', 'salisbury']",[],1087009279,1087009279,Marshall_BMW,Marshall BMW,6,18,https://twitter.com/Marshall_BMW/status/1512733662806216707,[],"['https://pbs.twimg.com/media/FP5PPpTXsAIbBRM.jpg', 'https://pbs.twimg.com/media/FP5PPpUWQAMF61Q.jpg', 'https://pbs.twimg.com/media/FP5PPq3WUAEVtom.jpg', 'https://pbs.twimg.com/media/FP5PPrXXsAMbTR0.jpg']",1,https://pbs.twimg.com/media/FP5PPpTXsAIbBRM.jpg,False,2,1,1,,bmw OR BMW,,"48.864716,2.349014,500km",,,,,[],,,,
65,1512732141414752257,1512732141414752257,1649498422000.0,2022-04-09 18:00:22,+0800,,"[RACE DAY]  C'est parti pour les #iracingnurburgring24 by @iRacing ! üèéÔ∏è  ‚¨áÔ∏è 2 √©quipages engag√©s sur l‚Äôenfer vert ‚¨áÔ∏è  ‚û°Ô∏è RACE eSport Team Blue en BMW M4 GT3 üëäüèª  ‚û°Ô∏è RACE eSport Team Red en AMR V8 GT4 üí™üèª  üïï D√©part √† 18h, liens des lives en commentaires !  #ForzaBlueSquad  https://t.co/zl00Fo4L0L",fr,"['iracingnurburgring24', 'forzabluesquad']",[],1433907590417854468,1433907590417854468,raceesportteam,RACE eSport Team,6,18,https://twitter.com/raceesportteam/status/1512732141414752257,[],"['https://pbs.twimg.com/media/FP5N1OSXEAkjWeW.jpg', 'https://pbs.twimg.com/media/FP5N1QCXEAUTS_t.jpg']",1,https://pbs.twimg.com/media/FP5N1OSXEAkjWeW.jpg,False,8,2,3,,bmw OR BMW,,"48.864716,2.349014,500km",,,,,[],,,,
66,1512732064809893888,1512732064809893888,1649498404000.0,2022-04-09 18:00:04,+0800,,"Le groupe BMW vise √† r√©duire les √©missions de CO2 de sa production de jantes, avec l‚Äôutilisation d‚Äô√©nergie verte ainsi que des mati√®res premi√®res secondaires.  https://t.co/8gSa7WU6wA",fr,[],[],108902844,108902844,AutoJournalMag,AutoJournalMag,6,18,https://twitter.com/AutoJournalMag/status/1512732064809893888,['https://www.autoplus.fr/environnement/bmw-mini-jantes-aluminium-durables-569739.html#item=1?utm_campaign=post-auto&utm_medium=twitter'],[],0,,False,4,0,1,,bmw OR BMW,,"48.864716,2.349014,500km",,,,,[],,,,
67,1512730048276713472,1512730048276713472,1649497923000.0,2022-04-09 17:52:03,+0800,,BMW Z8 .  https://t.co/hBSUmgZoOV,cs,[],[],3279301346,3279301346,LayecChristophe,layec,6,17,https://twitter.com/LayecChristophe/status/1512730048276713472,[],['https://pbs.twimg.com/media/FP5L7ECWYAI49YM.jpg'],1,https://pbs.twimg.com/media/FP5L7ECWYAI49YM.jpg,False,13,0,3,,bmw OR BMW,,"48.864716,2.349014,500km",,,,,[],,,,
68,1512730035425214465,1512730035425214465,1649497920000.0,2022-04-09 17:52:00,+0800,,"Vandaag in de 'spotlights': BMW 2 Serie Active Tourer 218i High Executive automaat uit 2015. Deze BMW staat bij ons te koop voor ‚Ç¨ 17.495,-. Bekijk hier alle specificaties:  https://t.co/qMMbQbQjAj #autokopen #gebruikteauto #occasion #autotekoop #BMW  https://t.co/0sgAIdxwYs",nl,"['autokopen', 'gebruikteauto', 'occasion', 'autotekoop', 'bmw']",[],3055314669,3055314669,Opeldendungen,Garage van Uden,6,17,https://twitter.com/Opeldendungen/status/1512730035425214465,['https://www.garagevanuden.nl/aanbod/30290764/bmw-2-serie-active-tourer-218i-high-executive-automaat-navi-leder-head-up-display/'],['https://pbs.twimg.com/media/FPz9znPXEAEHDDW.jpg'],1,https://pbs.twimg.com/media/FPz9znPXEAEHDDW.jpg,False,0,0,0,,bmw OR BMW,,"48.864716,2.349014,500km",,,,,[],,,,
69,1512729926901932034,1512729926901932034,1649497894000.0,2022-04-09 17:51:34,+0800,,BMW Z8 .  https://t.co/I1QChukb3m,cs,[],[],3279301346,3279301346,LayecChristophe,layec,6,17,https://twitter.com/LayecChristophe/status/1512729926901932034,[],['https://pbs.twimg.com/media/FP5LzfZXsAIKo6v.jpg'],1,https://pbs.twimg.com/media/FP5LzfZXsAIKo6v.jpg,False,8,0,1,,bmw OR BMW,,"48.864716,2.349014,500km",,,,,[],,,,
70,1512729748174254084,1512729748174254084,1649497851000.0,2022-04-09 17:50:51,+0800,,BMW Z8 .  https://t.co/EcsykrqKxY,cs,[],[],3279301346,3279301346,LayecChristophe,layec,6,17,https://twitter.com/LayecChristophe/status/1512729748174254084,[],['https://pbs.twimg.com/media/FP5Lpm2WUAc9k0f.jpg'],1,https://pbs.twimg.com/media/FP5Lpm2WUAc9k0f.jpg,False,32,1,2,,bmw OR BMW,,"48.864716,2.349014,500km",,,,,[],,,,
71,1512729660219703300,1512729660219703300,1649497830000.0,2022-04-09 17:50:30,+0800,,BMW Z8 .  https://t.co/MKds4W5fOF,cs,[],[],3279301346,3279301346,LayecChristophe,layec,6,17,https://twitter.com/LayecChristophe/status/1512729660219703300,[],['https://pbs.twimg.com/media/FP5LklnXMAY7pAn.jpg'],1,https://pbs.twimg.com/media/FP5LklnXMAY7pAn.jpg,False,18,0,4,,bmw OR BMW,,"48.864716,2.349014,500km",,,,,[],,,,
72,1512729525276319748,1512729525276319748,1649497798000.0,2022-04-09 17:49:58,+0800,,BMW Z8 .  https://t.co/XsYWqu8pDi,cs,[],[],3279301346,3279301346,LayecChristophe,layec,6,17,https://twitter.com/LayecChristophe/status/1512729525276319748,[],['https://pbs.twimg.com/media/FP5LcjkXwAUbgOf.jpg'],1,https://pbs.twimg.com/media/FP5LcjkXwAUbgOf.jpg,False,7,0,2,,bmw OR BMW,,"48.864716,2.349014,500km",,,,,[],,,,
73,1512729415683395590,1512729415683395590,1649497772000.0,2022-04-09 17:49:32,+0800,,BMW Z8 .  https://t.co/eHg1ST9O2n,cs,[],[],3279301346,3279301346,LayecChristophe,layec,6,17,https://twitter.com/LayecChristophe/status/1512729415683395590,[],['https://pbs.twimg.com/media/FP5LWVgWYAolOJJ.jpg'],1,https://pbs.twimg.com/media/FP5LWVgWYAolOJJ.jpg,False,6,0,1,,bmw OR BMW,,"48.864716,2.349014,500km",,,,,[],,,,
74,1512729237274259456,1512729237274259456,1649497729000.0,2022-04-09 17:48:49,+0800,,BMW Z8 .  https://t.co/wksiIH35Q0,cs,[],[],3279301346,3279301346,LayecChristophe,layec,6,17,https://twitter.com/LayecChristophe/status/1512729237274259456,[],['https://pbs.twimg.com/media/FP5LLtaXwAQhqBl.jpg'],1,https://pbs.twimg.com/media/FP5LLtaXwAQhqBl.jpg,False,6,0,0,,bmw OR BMW,,"48.864716,2.349014,500km",,,,,[],,,,
75,1512729026749677570,1512729026749677570,1649497679000.0,2022-04-09 17:47:59,+0800,,BMW Z8 .  https://t.co/Q0wV2ITIh8,cs,[],[],3279301346,3279301346,LayecChristophe,layec,6,17,https://twitter.com/LayecChristophe/status/1512729026749677570,[],['https://pbs.twimg.com/media/FP5K_SsWUAAHqAQ.jpg'],1,https://pbs.twimg.com/media/FP5K_SsWUAAHqAQ.jpg,False,7,0,1,,bmw OR BMW,,"48.864716,2.349014,500km",,,,,[],,,,
76,1512728305635631112,1512728305635631112,1649497507000.0,2022-04-09 17:45:07,+0800,,"üëâ T17 BMW üëà Prefix Number Plate Now For Sale from ¬£1,795.  üîó  https://t.co/fxEyCrxG7w   #T17BMW #numberplates #privateplates #cherishednumbers  https://t.co/pbIBr0k7i4",en,"['t17bmw', 'numberplates', 'privateplates', 'cherishednumbers']",[],1365063862429564928,1365063862429564928,NumberPlatesVIP,Plates VIP,6,17,https://twitter.com/NumberPlatesVIP/status/1512728305635631112,['https://plates.vip/plate/T17BMW/'],['https://pbs.twimg.com/media/FP5KYMDWUAouPPI.png'],1,https://pbs.twimg.com/media/FP5KYMDWUAouPPI.png,False,0,0,0,,bmw OR BMW,,"48.864716,2.349014,500km",,,,,[],,,,
77,1512727852340457475,1512437117200252936,1649497399000.0,2022-04-09 17:43:19,+0800,,"@suzanne_GL Lever dan maandag even de BMW 7-serie van de heer Klaver in! Hij kan ook makkelijk met het OV! Verbeter de wereld, begin met jezelf!!",nl,[],[],45923724,45923724,Hans_Houbraken,Hans Houbraken,6,17,https://twitter.com/Hans_Houbraken/status/1512727852340457475,[],[],0,,False,0,0,0,,bmw OR BMW,,"48.864716,2.349014,500km",,,,,"[{'screen_name': 'suzanne_GL', 'name': 'Suzanne Kr√∂ger üíö', 'id': '265380339'}]",,,,
78,1512727736586022914,1512727736586022914,1649497372000.0,2022-04-09 17:42:52,+0800,,"The sun is shining, the roof is down. The #puffin is sounding glorious in sport mode. @ClassicFM is playing.   #BMW #Z4 #totallyworthit",en,"['puffin', 'bmw', 'z4', 'totallyworthit']",[],744235691899494400,744235691899494400,wilcocks24,Katharine Wilcocks,6,17,https://twitter.com/wilcocks24/status/1512727736586022914,[],[],0,,False,1,0,0,,bmw OR BMW,,"48.864716,2.349014,500km",,,,,[],,,,
79,1512727364345733123,1512474987181060098,1649497283000.0,2022-04-09 17:41:23,+0800,,@pabakz Currently a Nissan Leaf but prior to that had a bmw i3.,en,[],[],1288170516902293506,1288170516902293506,Kimbles38,Kimberley üíô,6,17,https://twitter.com/Kimbles38/status/1512727364345733123,[],[],0,,False,1,0,0,,bmw OR BMW,,"48.864716,2.349014,500km",,,,,"[{'screen_name': 'pabakz', 'name': 'Paul B', 'id': '3131426272'}]",,,,
80,1512727108065370114,1512727108065370114,1649497222000.0,2022-04-09 17:40:22,+0800,,Je regarde les prix des BMW 335i F30/435i F36 √† partir de 2013. Les prix ont augment√© de plus de 30% en quelques mois.. les BMistes secte de clochard. Vous croyez c‚Äôest des Porsche 911 Turbo vos caisse l√† ?? Des voiture qui approche des 10 ans avec plus se 100k km 30k‚Ç¨.. ü§¶üèª‚Äç‚ôÇÔ∏è,fr,[],[],1022961518,1022961518,CallMansour,Man,6,17,https://twitter.com/CallMansour/status/1512727108065370114,[],[],0,,False,4,1,2,,bmw OR BMW,,"48.864716,2.349014,500km",,,,,[],,,,
81,1512724600542670850,1512724600542670850,1649496624000.0,2022-04-09 17:30:24,+0800,,@MrRoryReid your video has such a simple answer. Their cars are badly priced and cannot compete against the Germans. Jag leadership just don't understand their place in the market. Why would I buy a jag when the price points are BMW or Porsche?   https://t.co/P7mzqsfhSr,en,[],[],547111452,547111452,Rishi_K_S,Rishi,6,17,https://twitter.com/Rishi_K_S/status/1512724600542670850,['https://www.youtube.com/watch?v=6XVZudvYiNU'],[],0,,False,0,0,0,,bmw OR BMW,,"48.864716,2.349014,500km",,,,,[],,,,
82,1512722382275981316,1512722382275981316,1649496095000.0,2022-04-09 17:21:35,+0800,,If you can‚Äôt afford the M sport of any BMW model then maybe BMWs are not for you? Stupid reasoning,en,[],[],2173662089,2173662089,B_Samketi,Raheem Sterling fan account,6,17,https://twitter.com/B_Samketi/status/1512722382275981316,[],[],0,,False,2,0,0,https://twitter.com/jmonate_/status/1512718460408770560,bmw OR BMW,,"48.864716,2.349014,500km",,,,,[],,,,
83,1512722310666534916,1512494945218621441,1649496078000.0,2022-04-09 17:21:18,+0800,,"@FullyChargedDan If you don't want to squeeze into a Mini or Fiat, and can't afford a BMW i3 there is an option that @Honda_UK are doing very little to promote. But I love mine  https://t.co/NRGbkdF22p",en,[],[],491140128,491140128,blackrocket2000,Advance2020 #GordonLightfoot,6,17,https://twitter.com/blackrocket2000/status/1512722310666534916,[],['https://pbs.twimg.com/media/FP5E7ApXoAQiPKX.jpg'],1,https://pbs.twimg.com/media/FP5E7ApXoAQiPKX.jpg,False,1,1,0,,bmw OR BMW,,"48.864716,2.349014,500km",,,,,"[{'screen_name': 'FullyChargedDan', 'name': 'FullyChargedDanC√¶sarüóØ', 'id': '216644462'}]",,,,
84,1512720966132117505,1512720966132117505,1649495757000.0,2022-04-09 17:15:57,+0800,,Back at the coffee place where the Porsche and BMW drivers congregate on a Saturday morning. Is it a byelaw that you have to rev your noisy exhaust just before switching the engine off?   #EightiesSoundFX,en,['eightiessoundfx'],[],6798862,6798862,SloaneEsq,Dan Sloane üá∫üá¶,6,17,https://twitter.com/SloaneEsq/status/1512720966132117505,[],[],0,,False,2,0,0,,bmw OR BMW,,"48.864716,2.349014,500km",,,,,[],,,,
85,1512720429663899651,1512708247341481986,1649495630000.0,2022-04-09 17:13:50,+0800,,@_zmc_x @T34ch BMW all the way for me I do like the Q audis though,en,[],[],452561923,452561923,BIGG45L,BIGG45L,6,17,https://twitter.com/BIGG45L/status/1512720429663899651,[],[],0,,False,0,1,0,,bmw OR BMW,,"48.864716,2.349014,500km",,,,,"[{'screen_name': '_zmc_x', 'name': 'Zainab', 'id': '3050979701'}, {'screen_name': 'T34ch', 'name': 'Big Teach üáπüáπ #LFC4LIFE', 'id': '89263700'}]",,,,
86,1512719188502233091,1512719188502233091,1649495334000.0,2022-04-09 17:08:54,+0800,,Lexus IS 350 AWD F Sport 2021 vs BMW S√©rie 3 2022 : comparaison¬†int√©rieure  https://t.co/GDQ2JtRJJb,fr,[],[],1229842333430112256,1229842333430112256,Moyensnet,Moyens I/O,6,17,https://twitter.com/Moyensnet/status/1512719188502233091,['https://www.moyens.net/auto/guides/lexus-is-350-awd-f-sport-2021-vs-bmw-serie-3-2022-comparaison-interieure/'],[],0,,False,0,0,0,,bmw OR BMW,,"48.864716,2.349014,500km",,,,,[],,,,
87,1512719183792025602,1512719183792025602,1649495333000.0,2022-04-09 17:08:53,+0800,,üî•üî• BMW 3 Series G20 M Sport M Performance Style Carbon Fibre Front Splitter... üî•üî•  Only have couple of these left ~~ BE QUICKüì¢üì¢  üöóLike ‚óè Follow ‚óè Share üöï   https://t.co/sCn2GELL6O  https://t.co/ZF8lwTsbqU,en,[],[],1141420767307075584,1141420767307075584,CarbonFactory3,Carbon Factory,6,17,https://twitter.com/CarbonFactory3/status/1512719183792025602,['http://www.carbonfactory.co.uk'],['https://pbs.twimg.com/media/FP5CFPuXMAE9MLq.jpg'],1,https://pbs.twimg.com/media/FP5CFPuXMAE9MLq.jpg,False,0,0,0,,bmw OR BMW,,"48.864716,2.349014,500km",,,,,[],,,,
88,1512718827490054148,1512708247341481986,1649495248000.0,2022-04-09 17:07:28,+0800,,@_zmc_x @T34ch I'm a BMW fan I'm not interested in Mercedes in the slightest,en,[],[],452561923,452561923,BIGG45L,BIGG45L,6,17,https://twitter.com/BIGG45L/status/1512718827490054148,[],[],0,,False,1,1,0,,bmw OR BMW,,"48.864716,2.349014,500km",,,,,"[{'screen_name': '_zmc_x', 'name': 'Zainab', 'id': '3050979701'}, {'screen_name': 'T34ch', 'name': 'Big Teach üáπüáπ #LFC4LIFE', 'id': '89263700'}]",,,,
89,1512717605576089603,1512708247341481986,1649494956000.0,2022-04-09 17:02:36,+0800,,"@itsleahmai He said the X6 is a ""real"" man's car fuel consumption on BMW is good so there's not much difference. And he will terminate our friendship if I get a yal whip",en,[],[],452561923,452561923,BIGG45L,BIGG45L,6,17,https://twitter.com/BIGG45L/status/1512717605576089603,[],[],0,,False,0,1,0,,bmw OR BMW,,"48.864716,2.349014,500km",,,,,"[{'screen_name': 'itsleahmai', 'name': 'Leah Mai', 'id': '177634377'}]",,,,
90,1512717337878839297,1512717337878839297,1649494892000.0,2022-04-09 17:01:32,+0800,,"Sun's out, guns out üí™  ""Everything is possible wit RAM! I just love this stuff. Fix the GoPro anywhere I want, rock solid. iPad? no worries.""  üì∏: @remarkable_bmw  https://t.co/6Cm4dE6RM6",en,[],[],219026022,219026022,rammountuk,RAM Mount UK üá¨üáß,6,17,https://twitter.com/rammountuk/status/1512717337878839297,[],[],1,https://pbs.twimg.com/ext_tw_video_thumb/1512717149881708548/pu/img/YjvDWJWMpT68gJYp.jpg,False,0,0,0,,bmw OR BMW,,"48.864716,2.349014,500km",,,,,[],,,,
91,1512716954682986498,1512716954682986498,1649494801000.0,2022-04-09 17:00:01,+0800,,2017 BMW M2 used car for sale;  https://t.co/UpTNTBkW2h  Call Lucky Dale Cars Now 020 80338958 | 07441 909524 Email us at: luckydalecars@gmail.com  https://t.co/FAXGJbxYyn,en,[],[],1125462553583411200,1125462553583411200,luckydalecars,Lucky Dale Cars | Used Cars,6,17,https://twitter.com/luckydalecars/status/1512716954682986498,['https://bit.ly/BMW-M2-17'],['https://pbs.twimg.com/media/FPwxLkHXwA8SgO8.jpg'],1,https://pbs.twimg.com/media/FPwxLkHXwA8SgO8.jpg,False,0,0,0,,bmw OR BMW,,"48.864716,2.349014,500km",,,,,[],,,,
92,1512716290846306304,1512716290846306304,1649494643000.0,2022-04-09 16:57:23,+0800,,2014 BMW 330d M Sport - I've finally got in front of the camera  https://t.co/wP0pwmfZkW  https://t.co/7HdO5HdvJU,en,[],[],223829468,223829468,simonshieldcars,Simon Shield Cars,6,16,https://twitter.com/simonshieldcars/status/1512716290846306304,['https://www.simonshieldcars.co.uk/used/bmw/3-series/330d-m-sport-4dr-step-auto/ipswich/suffolk/20414851'],[],1,https://pbs.twimg.com/ext_tw_video_thumb/1512716144825798661/pu/img/9QadiqX63ocLm4Uc.jpg,False,2,0,0,,bmw OR BMW,,"48.864716,2.349014,500km",,,,,[],,,,
93,1512711342247010308,1512691761847615492,1649493463000.0,2022-04-09 16:37:43,+0800,,"@N13lCl @Rubystone911 @BMW I mean, that‚Äôs sacrilegious isn‚Äôt it?",en,[],[],464585088,464585088,PFSClassics,Jolly,6,16,https://twitter.com/PFSClassics/status/1512711342247010308,[],[],0,,False,1,1,0,,bmw OR BMW,,"48.864716,2.349014,500km",,,,,"[{'screen_name': 'N13lCl', 'name': 'Neil C', 'id': '1671094597'}, {'screen_name': 'Rubystone911', 'name': 'Mark Piper', 'id': '42386906'}, {'screen_name': 'BMW', 'name': 'BMW', 'id': '1545994664'}]",,,,
94,1512711051107868673,1512711051107868673,1649493394000.0,2022-04-09 16:36:34,+0800,,#WeAreAltitude SALON AUTOMOBILE LYON 2022  by #Altitude69Lyon  RDV HALL 4.1 ü§ûüèª√† Eurexpo  üëâüèªD√©couvrez les Nouveaut√©s de la gamme BMW 100 % √âlectrique ‚ö°Ô∏è  √Ä tr√®s vite ;)  https://t.co/AdALztyNbp,fr,"['wearealtitude', 'altitude69lyon']",[],840137412512686082,840137412512686082,AltitudeBMWMINI,Altitude BMW MINI,6,16,https://twitter.com/AltitudeBMWMINI/status/1512711051107868673,[],['https://pbs.twimg.com/media/FP46rg0WUAA04A_.jpg'],1,https://pbs.twimg.com/media/FP46rg0WUAA04A_.jpg,False,0,0,0,,bmw OR BMW,,"48.864716,2.349014,500km",,,,,[],,,,
95,1512709428503580676,1512709428503580676,1649493007000.0,2022-04-09 16:30:07,+0800,,What do you think of Sao Paulo Yellow on the BMW M4 Competition?üî• This Approved Used BMW M4 Competition Coup√© is ready and waiting to meet its new owner! Take a closer look on our website:  https://t.co/aONj5TN57T  https://t.co/W7HIwGWAWp,en,[],[],285105055,285105055,BMW_ParkLane,BMW Park Lane,6,16,https://twitter.com/BMW_ParkLane/status/1512709428503580676,['https://bit.ly/3tvVHla'],['https://pbs.twimg.com/media/FP45NJ1XsAIfqLN.jpg'],1,https://pbs.twimg.com/media/FP45NJ1XsAIfqLN.jpg,False,1,0,0,,bmw OR BMW,,"48.864716,2.349014,500km",,,,,[],,,,
96,1512709399055421440,1512709399055421440,1649493000000.0,2022-04-09 16:30:00,+0800,,"It might not be that exciting to look at, but the @BMW_UK iX3 is one of the most capable electric cars on the market thanks to its solid range and practical interior...  Get our verdict here:  https://t.co/LsMXDAcZB5 üöó‚ö°Ô∏è  https://t.co/RXy8WiFceq",en,[],[],1373973953824354306,1373973953824354306,M0veElectric,Move Electric,6,16,https://twitter.com/M0veElectric/status/1512709399055421440,['https://bit.ly/35TWcfR'],"['https://pbs.twimg.com/media/FP1hCEeXEAYViwL.jpg', 'https://pbs.twimg.com/media/FP1hCEpXsAMI3Xk.jpg', 'https://pbs.twimg.com/media/FP1hDOpWQAU6yck.jpg']",1,https://pbs.twimg.com/media/FP1hCEeXEAYViwL.jpg,False,1,0,1,,bmw OR BMW,,"48.864716,2.349014,500km",,,,,[],,,,
97,1512705425187213312,1512519295946969097,1649492052000.0,2022-04-09 16:14:12,+0800,,@HerrBonden BMW AUC cars are always prepared AFTER the photos because the customer gets a say in what work needs doing. What‚Äôs the problem? ü§∑‚Äç‚ôÇÔ∏è ‚Äòno problem with that sir - the chips away guy we use is the best in the business - now about that finance package‚Äô.,en,[],[],998594532185985025,998594532185985025,RdgButler,OIi,6,16,https://twitter.com/RdgButler/status/1512705425187213312,[],[],0,,False,9,1,0,,bmw OR BMW,,"48.864716,2.349014,500km",,,,,"[{'screen_name': 'HerrBonden', 'name': 'Mark', 'id': '352492241'}]",,,,
98,1512701950676058112,1512701950676058112,1649491224000.0,2022-04-09 16:00:24,+0800,,~Girls just want to have fun üòâü•ÇüçæSaturday memories now the golf season is here and Golf in the City will be back later in the year with @jdvsport ~   @Women_and_Golf @RalphLauren @yslbeauty @HarveyNichols @Titleist @FootJoyEurope @BMW @jdvsport  https://t.co/yDNfHIoi1k,en,[],[],163108034,163108034,JilldeVilliers,Jill de Villiers,6,16,https://twitter.com/JilldeVilliers/status/1512701950676058112,[],"['https://pbs.twimg.com/media/FP4yZ7jXEAI_Tbe.jpg', 'https://pbs.twimg.com/media/FP4yZ7jWYAAz6CP.jpg', 'https://pbs.twimg.com/media/FP4yZ7iXwAUu9C1.jpg']",1,https://pbs.twimg.com/media/FP4yZ7jXEAI_Tbe.jpg,False,3,0,1,,bmw OR BMW,,"48.864716,2.349014,500km",,,,,[],,,,
99,1512696252814745600,1512696252814745600,1649489865000.0,2022-04-09 15:37:45,+0800,,"De boete voor onnodig links rijden is verhoogd van 150 euro naar 220 euro. Dan moeten ze eens op de A2 controleren - je pakt dan √°lle Duitsers, √°lle Belgen, vrijwel alle Polen, bijna alle bestelbussen en bijna alle BMW's. Zou heel goed zijn  https://t.co/oCXoj81QWJ",nl,[],[],333358937,333358937,Luc526,Lucien Stam,6,15,https://twitter.com/Luc526/status/1512696252814745600,['https://www.manners.nl/boete-te-hard-rijdt-snelweg-nederland/?utm_source=inline_lees_ook'],[],0,,False,0,0,0,,bmw OR BMW,,"48.864716,2.349014,500km",,,,,[],,,,
