,id,username,created_at,date,tweet,language,hashtags,cashtags,link,urls,photos,video,thumbnail,nlikes,nreplies,nretweets
0,1511026328300044296,Tomas_Verde,1649091724000.0,2022-04-05 01:02:04,"Some good stuff from Auburn running back coach Cadillac Williams today on Tank Bigsby ‚Äî as well as what it was like during those offseason reports of Tank considering a transfer, and the productive conversations the two had.   Story this afternoon on @aldotcomSports",en,[],[],https://twitter.com/Tomas_Verde/status/1511026328300044296,[],[],0,,3,0,1
1,1511025285541642243,Hugeshow,1649091476000.0,2022-04-05 00:57:56,Statewide weekdays 3-6pm:  93.5/99.1/ 94.7 HD 2 Detroit   96.1 GR/K-Zoo/Muskegon  99.7/1450 Holland   100.9 Midland   1330 Flint  94.9/1400 BH/St. Joe  96.5 Adrian   93.7 Cadillac/TC   104.7/1340 Petoskey   1280 Alma/ MP   107.3/ 920 Houghton/Hancock  730 Lansing 6-9pm,en,[],[],https://twitter.com/Hugeshow/status/1511025285541642243,[],[],0,,0,0,0
2,1511023778133860360,brianjstultz,1649091116000.0,2022-04-05 00:51:56,Auburn running back coach Cadillac Williams meeting with the media.  https://t.co/6fD8HyWSeX,en,[],[],https://twitter.com/brianjstultz/status/1511023778133860360,[],['https://pbs.twimg.com/media/FPg8HbqXIAkRt1A.jpg'],1,https://pbs.twimg.com/media/FPg8HbqXIAkRt1A.jpg,3,0,0
4,1511017378636877832,mspnorthernmi,1649089591000.0,2022-04-05 00:26:31,The Cadillac Post will be accepting donations during the month of April.  The post partnered with Oasis Family Resource Center in Cadillac to accept donations as well.  https://t.co/RTEDwPQKVt,en,[],[],https://twitter.com/mspnorthernmi/status/1511017378636877832,[],['https://pbs.twimg.com/media/FPg2RwNXEAYx6RI.jpg'],1,https://pbs.twimg.com/media/FPg2RwNXEAYx6RI.jpg,0,0,0
7,1511013823171502080,CadillacCanada,1649088743000.0,2022-04-05 00:12:23,We are excited to announce our #Escalade is the J.D. Power winner for Best Residual Value Among Premium Fullsize Utility Vehicles. #Cadillac #AwardWinner   Learn more:  https://t.co/LHsLNFpV5R  https://t.co/UZBw3q4yb6,en,"['escalade', 'cadillac', 'awardwinner']",[],https://twitter.com/CadillacCanada/status/1511013823171502080,['https://www.cadillaccanada.ca/en/suvs/escalade'],['https://pbs.twimg.com/media/FPgy-ObX0Ag7pNm.jpg'],1,https://pbs.twimg.com/media/FPgy-ObX0Ag7pNm.jpg,0,0,0
8,1511009458222108673,CraigAWelch,1649087702000.0,2022-04-04 23:55:02,"@gili92107 @ben_a_goldfarb @JohnVaillant @SierraMurdoch @ian_urbina Definitely agree on this. ""Cadillac Desert"" author Marc Reisner's other forgotten gem. Loved it. (Guess your punishment for writing one of the best environmental books ever is that the rest of your work will be immediately forgotten because it's merely ""great."" üòé)",en,[],[],https://twitter.com/CraigAWelch/status/1511009458222108673,[],[],0,,2,1,0
15,1510997117455712256,WTVM,1649084760000.0,2022-04-04 23:06:00,"WTVM, Sons Chevrolet Cadillac of Columbus and Sons Ford Lincoln of Auburn, and Rainbow Foods are asking for your help to stock the shelves of local food banks by donating to WTVM‚Äôs Spring Into Action Food Drive.  https://t.co/QT7TdnBDLl",en,[],[],https://twitter.com/WTVM/status/1510997117455712256,['https://www.wtvm.com/2022/04/04/stock-shelves-local-food-banks-by-donating-wtvms-spring-into-action-food-drive/?utm_source=twitter&utm_medium=social&utm_campaign=snd&utm_content=wtvm'],[],0,,0,0,0
16,1510995613504135171,BallySportWest,1649084401000.0,2022-04-04 23:00:01,1) Knock down the üëå  2) Do a lil celebration dance üï∫  #CadillacHighlight | @cadillac | @laclippers  https://t.co/WmkX2jGPf3,en,['cadillachighlight'],[],https://twitter.com/BallySportWest/status/1510995613504135171,[],[],1,https://pbs.twimg.com/amplify_video_thumb/1510836428288106497/img/WXUQOsFwz8Mh1hEM.jpg,4,0,3
17,1510993593506353157,SharpFootball,1649083920000.0,2022-04-04 22:52:00,RBs drafted inside the top-5 since 2005:  2018 NYG - Saquon Barkley 2017 JAX - Leonard Fournette 2016 DAL - Ezekiel Elliott 2012 CLE - Trent Richardson 2008 OAK - Darren McFadden 2006 NO - Reggie Bush 2005 MIA - Ronnie Brown 2005 CHI - Cedric Benson 2005 TB - Cadillac Williams,en,[],[],https://twitter.com/SharpFootball/status/1510993593506353157,[],[],0,,520,62,30
18,1510980511082106884,thefestfl,1649080801000.0,2022-04-04 22:00:01,"FEST 16! We FINALLY got Superchunk to come and play and it was incredible. Against Me! played all of Reinventing Axl Rose. Reunions from City of Caterpillar, Cadillac Blindside, &amp; Majority Rule. A live taping of The Chris Gethard Show! I loved this one.  https://t.co/Lqof2SmO3d",en,[],[],https://twitter.com/thefestfl/status/1510980511082106884,[],['https://pbs.twimg.com/media/FPbn-T0VcAM447P.jpg'],1,https://pbs.twimg.com/media/FPbn-T0VcAM447P.jpg,77,1,1
23,1510768359272550403,therealautoblog,1649030220000.0,2022-04-04 07:57:00,2022 Cadillac CT4-V Blackwing Road Test | Unquestionable benchmark:  https://t.co/Yd7GmKjS0v  https://t.co/8mpn5uHIjD,en,[],[],https://twitter.com/therealautoblog/status/1510768359272550403,['https://bit.ly/3vghlLg'],['https://pbs.twimg.com/media/FPNLxzOXIAgeYSS.jpg'],1,https://pbs.twimg.com/media/FPNLxzOXIAgeYSS.jpg,72,1,6
24,1510764057128697856,AdamLMahoney,1649029194000.0,2022-04-04 07:39:54,"Spent 45 hours on a train through the middle of the country, here are some disposable camera pictures featuring some buffalo, asbestos, and a cadillac.  https://t.co/zP4o4uA784",en,[],[],https://twitter.com/AdamLMahoney/status/1510764057128697856,[],"['https://pbs.twimg.com/media/FPdP5EiVQAIhuM-.jpg', 'https://pbs.twimg.com/media/FPdP5LqVkAkoh5M.jpg', 'https://pbs.twimg.com/media/FPdP5LrVUAMyMmZ.jpg', 'https://pbs.twimg.com/media/FPdP5LqVcAcouaT.jpg']",1,https://pbs.twimg.com/media/FPdP5EiVQAIhuM-.jpg,75,4,2
25,1510718918318460930,NWSGaylord,1649018432000.0,2022-04-04 04:40:32,"The chance for snow showers returns to northern Michigan Sunday night. Light snow flurries through Monday may lead to some light accumulations across the lower peninsula, especially in lower counties near Cadillac and Manistee.  https://t.co/oSWlVu1eWJ",en,[],[],https://twitter.com/NWSGaylord/status/1510718918318460930,[],['https://pbs.twimg.com/media/FPcm1GHVQAAD6r7.jpg'],1,https://pbs.twimg.com/media/FPcm1GHVQAAD6r7.jpg,9,3,3
26,1510698996800630789,JoeDSports,1649013682000.0,2022-04-04 03:21:22,@SNYtv @UConnWBB @Cadillac Well it was actually yesterday.,en,[],[],https://twitter.com/JoeDSports/status/1510698996800630789,[],[],0,,0,0,0
27,1510695849797447682,fan960lou,1649012932000.0,2022-04-04 03:08:52,@mblairYQR @HNLiveCA I have a lovely vehicle thanks to my friends at Wolfe Cadillac.,en,[],[],https://twitter.com/fan960lou/status/1510695849797447682,[],[],0,,3,0,0
28,1510692900056797184,johnsemley3000,1649012229000.0,2022-04-04 02:57:09,highlight of the Country Music Hall of Fame (aside from Elvis‚Äôs gold-played Cadillac): a Townes Van Zandt owned poncho embroidered with the words ‚Äú‚Ä¶AND LEFTY.‚Äù I‚Äôm not making this up.,en,[],[],https://twitter.com/johnsemley3000/status/1510692900056797184,[],[],0,,24,1,0
30,1510676089873469441,RussellJClay,1649008221000.0,2022-04-04 01:50:21,This RB class was a wild time.   Ronnie Brown could‚Äôve been an all-time RB if not for injuries.  Cadillac was awesome before injury.   Benson played well after finding a good situation.   Arrington has one of the best production profiles of the last couple of decades.,en,[],[],https://twitter.com/RussellJClay/status/1510676089873469441,[],[],0,,4,0,0
31,1510674818450051073,AdamSchefter,1649007918000.0,2022-04-04 01:45:18,"The five RBs taken before Frank Gore in the 2005 draft - Ronnie Brown (5,391 yards), Cedric Benson (6,017), Cadillac Williams (4,038), J.J. Arrington (654) and Eric Shelton (23) - combined to rush for 16,123 yards. Gore ran for an even 16,000, 3rd on NFL‚Äôs all-time rushing list.",en,[],[],https://twitter.com/AdamSchefter/status/1510674818450051073,[],[],0,,21750,567,1834
32,1510673734046158848,Decker6,1649007659000.0,2022-04-04 01:40:59,"Someone asked me yesterday if I could have any car in the world ever (taking practicality out of the equation), what would it be? Most know I‚Äôm a complete Cadillac Stan. But after thinking long and hard. Only 1 car enters my head.  My dream car is the @Lexus LFA!What‚Äôs yours?  https://t.co/loJ8e6u4jf",en,[],[],https://twitter.com/Decker6/status/1510673734046158848,[],['https://pbs.twimg.com/tweet_video_thumb/FPb9v2LVUAMOZUA.jpg'],1,https://pbs.twimg.com/tweet_video_thumb/FPb9v2LVUAMOZUA.jpg,4,8,0
34,1510658401440870415,BeschlossDC,1649004004000.0,2022-04-04 00:40:04,"1959 Cadillac Cyclone concept car, never mass produced:  https://t.co/BAu193xpr4",en,[],[],https://twitter.com/BeschlossDC/status/1510658401440870415,[],['https://pbs.twimg.com/media/FPbvudTXIAQYlrK.jpg'],1,https://pbs.twimg.com/media/FPbvudTXIAQYlrK.jpg,1515,125,174
35,1510652426407186437,BallySportWest,1649002579000.0,2022-04-04 00:16:19,No fly zone üöÄ   #CadillacHighlight | @Cadillac | @LAKings  https://t.co/fFYyYaY0CL,en,['cadillachighlight'],[],https://twitter.com/BallySportWest/status/1510652426407186437,[],[],1,https://pbs.twimg.com/ext_tw_video_thumb/1510652396199768068/pu/img/fa9T3uPJ-yFjCJwJ.jpg,3,0,0
36,1510651841578741773,broadwaychicago,1649002440000.0,2022-04-04 00:14:00,Meet the cast bringing @AintTooProudMusical to the Cadillac Palace Theatre from May 24 - June 5! Tickets are on sale now! #AintTooProudTour  https://t.co/G3fbX1mMRr  https://t.co/ALxcsdM9xk,en,['ainttooproudtour'],[],https://twitter.com/broadwaychicago/status/1510651841578741773,['https://bit.ly/AintTooProud_CHI'],[],1,https://pbs.twimg.com/amplify_video_thumb/1509557783489822729/img/5FleF8tz1JBNno0w.jpg,0,0,0
37,1510609461886562312,vmarks,1648992336000.0,2022-04-03 21:25:36,"@Tweddmeister @benjaminhopton @realtrumanshow @feckingpsycho @RIVERSIDEREDS @Georgehindle46 Shocks are a lost cause anyway. Shocks are bad every 20-40k miles and almost no one changes them. Bushings will go, but they go on petrol as well. I changed the Cadillac‚Äôs to polyurethane. The rubber was all shot.",en,[],[],https://twitter.com/vmarks/status/1510609461886562312,[],[],0,,1,1,0
38,1510596911400636421,vmarks,1648989343000.0,2022-04-03 20:35:43,"@Tweddmeister @realtrumanshow @feckingpsycho @RIVERSIDEREDS @Georgehindle46 @benjaminhopton I drove a Honda crx to 220k and sold it, it was still on the road for a few years after. Had a Mitsubishi 4cyl for years til someone hit me. Had a focus st (svt in us), flipped it to get the Cadillac. Had a Honda CR-V gen 1 4cyl, sold at 198k (trans wore out) new owner replaced",en,[],[],https://twitter.com/vmarks/status/1510596911400636421,[],[],0,,1,1,0
80,1510427651181359106,stevanzetti,1648948989000.0,2022-04-03 09:23:09,"After an intense narrative teaser video playing out a bitter rivalry between two female superstars, one of them made an entrance in a white Cadillac Escalade and I feel like it's 2002 all over again.  https://t.co/3HBBHIWHt4",en,[],[],https://twitter.com/stevanzetti/status/1510427651181359106,[],['https://pbs.twimg.com/media/FPYd8Y1XEAUScqZ.jpg'],1,https://pbs.twimg.com/media/FPYd8Y1XEAUScqZ.jpg,20,1,0
82,1510407952884277262,TPS22Div,1648944292000.0,2022-04-03 08:04:52,"On Thursday, March 31, 2022, at 5:15 pm, a 36 year-old man was driving a white 2020 Cadillac XT6 eastbound on Lakeshore Boulevard West and Eighth Street.  Toronto Police are seeking witnesses who have information.  Please follow the link for more:  https://t.co/OwMDQrZZJw  https://t.co/e4WthoB17T",en,[],[],https://twitter.com/TPS22Div/status/1510407952884277262,['http://torontopolice.on.ca/newsreleases/52547'],['https://pbs.twimg.com/media/FPYLJkzXEAY6QGL.jpg'],1,https://pbs.twimg.com/media/FPYLJkzXEAY6QGL.jpg,3,0,5
83,1510351361556197378,broadwaychicago,1648930800000.0,2022-04-03 04:20:00,"Jon Hacker is playing Frankie Valli in @JerseyBoysInfo, the lead singer in The Four Seasons, and is thrilled to be joining the JB family again, after closing the show on Broadway and moving on to the Off-Broadway production. Returning May 3 - 8 to the Cadillac Palace Theatre!  https://t.co/T6nai5Wmkj",en,[],[],https://twitter.com/broadwaychicago/status/1510351361556197378,[],['https://pbs.twimg.com/media/FLWHItGX0AE9XNZ.jpg'],1,https://pbs.twimg.com/media/FLWHItGX0AE9XNZ.jpg,1,0,0
84,1510344136460849152,tsnmike,1648929077000.0,2022-04-03 03:51:17,"@DanSielaff @JayBilas You still get the timeout. It's like, I'd like this Cadillac Escalade, please, and I'd like to keep my $70,000, also.",en,[],[],https://twitter.com/tsnmike/status/1510344136460849152,[],[],0,,0,1,0
85,1510344094182084610,Cadillac,1648929067000.0,2022-04-03 03:51:07,"@whitelebarongtc Hello. We are excited to hear of your interest in a Cadillac as your next vehicle purchase. If you would like assistance in locating dealerships or specific vehicle's near you, please feel free to send us a direct message.  https://t.co/URhQRrSexj",en,[],[],https://twitter.com/Cadillac/status/1510344094182084610,['https://twitter.com/messages/compose?recipient_id=66408053'],[],0,,1,0,0
88,1510325613260800007,Cadillac,1648924661000.0,2022-04-03 02:37:41,"@Todd_Ironwood This is certainly not what we hope to hear, Todd. Our team has responded to your latest DM. Please review our message at your earliest convenience so we may better understand how to assist.  https://t.co/URhQRrSexj",en,[],[],https://twitter.com/Cadillac/status/1510325613260800007,['https://twitter.com/messages/compose?recipient_id=66408053'],[],0,,1,0,0
90,1510308505462489097,FatKidDeals,1648920582000.0,2022-04-03 01:29:42,"@keepitonthediel Imo, these style. I've done it with both, and I love ergonomic chairs. If you really want, what I believe to be the 'Cadillac' of chairs, check this out. It's pricey, but I've had mine for 3 years, and never had a single issue;  https://t.co/hDCW9kQW8b",en,[],[],https://twitter.com/FatKidDeals/status/1510308505462489097,['https://fkdeals.app/?l=https://amzn.to/3tXDDAt'],[],0,,0,1,0
91,1510304368138108929,CoachCaddy24,1648919596000.0,2022-04-03 01:13:16,Well deserved!!! #WDE,en,['wde'],[],https://twitter.com/CoachCaddy24/status/1510304368138108929,[],[],0,,227,0,6
92,1510297778290835465,MSGNetworks,1648918024000.0,2022-04-03 00:47:04,"What are the only years that the Knicks' jersey had ""Knicks"" on the front instead of ""New York""?  @Cadillac | #CadillacTrivia",en,['cadillactrivia'],[],https://twitter.com/MSGNetworks/status/1510297778290835465,[],[],0,,3,0,1
93,1510284672093212674,BallySportWest,1648914900000.0,2022-04-02 23:55:00,Watch out down below üó£ TMann coming thruu!  #CadillacHighlight | @cadillac | @laclippers  https://t.co/VU0fCbj7eQ,en,['cadillachighlight'],[],https://twitter.com/BallySportWest/status/1510284672093212674,[],[],1,https://pbs.twimg.com/amplify_video_thumb/1510101938641154050/img/8gSqDyz1juX3ascQ.jpg,15,0,3
94,1510276119030816770,Phillips_17,1648912861000.0,2022-04-02 23:21:01,@Trenchwork94 @man_dammn Cadillac whats wrong with this dudeüòÇüòÇ,en,[],[],https://twitter.com/Phillips_17/status/1510276119030816770,[],[],0,,67,1,2
95,1510274605814063106,therealautoblog,1648912500000.0,2022-04-02 23:15:00,The drink deploy system inside Cadillac's InnerSpace concept.  https://t.co/AS5jOSRxJi,en,[],[],https://twitter.com/therealautoblog/status/1510274605814063106,[],[],1,https://pbs.twimg.com/media/FPNOBesX0AM76bZ.jpg,23,1,3
96,1510269880599146496,MSN,1648911373000.0,2022-04-02 22:56:13,"Biblical tax cheat pleads guilty to filing for $2.9 billion in phony refunds to buy five-bedroom house, Mercedes Benz and Cadillac Escalades  https://t.co/tQzt1XN3M0",en,[],[],https://twitter.com/MSN/status/1510269880599146496,['http://www.msn.com/en-us/news/crime/biblical-tax-cheat-pleads-guilty-to-filing-for-2-9-billion-in-phony-refunds-to-buy-five-bedroom-house-mercedes-benz-and-cadillac-escalades/ar-AAVGwPX?ocid=ob-tw-enus-677'],[],0,,1,0,0
97,1510253891358793734,MiamiOpen,1648907561000.0,2022-04-02 21:52:41,"2023 @Cadillac LYRIQ Debut Edition available summer 2022, by reservation only. Additional LYRIQ models available starting fall 2022, see dealer for details.",en,[],[],https://twitter.com/MiamiOpen/status/1510253891358793734,[],[],0,,2,0,1
98,1510253705437843458,MiamiOpen,1648907517000.0,2022-04-02 21:51:57,Have you checked out the @Cadillac ELECTRIQ Theater yet? üëÄ  Miami Foodiez swung by to see this immersive experience showcasing the 2023 all-electric LYRIQ! ü§©  #LYRIQ #BEICONIC #Cadillac  https://t.co/rJR62vW4ZL,en,"['lyriq', 'beiconic', 'cadillac']",[],https://twitter.com/MiamiOpen/status/1510253705437843458,[],[],1,https://pbs.twimg.com/ext_tw_video_thumb/1510253658189045761/pu/img/vXcRWHDDOpCfGZ0f.jpg,3,1,1
99,1510247369237012490,MLive,1648906006000.0,2022-04-02 21:26:46,Man seriously injured in shooting south of Cadillac  https://t.co/yArVAdMttF,en,[],[],https://twitter.com/MLive/status/1510247369237012490,['https://bit.ly/3wZBzKm'],[],0,,0,0,0
100,1510246392547131396,wendygillis,1648905773000.0,2022-04-02 21:22:53,Story w/ @dugilbo: Police said driver of a white Cadillac XT6 was fleeing the scene of another collision he'd caused just moments earlier. He was facing a driving prohibition under the Criminal Code and had a provincial driver‚Äôs licence medical suspension.  https://t.co/iDpb6eAcq6,en,[],[],https://twitter.com/wendygillis/status/1510246392547131396,['https://www.thestar.com/news/gta/2022/04/01/driver-who-killed-two-pedestrians-and-self-in-etobicoke-crash-had-just-left-scene-of-other-collision-police-say.html'],[],0,,37,2,13
102,1510233210340450305,MuskegonChron,1648902630000.0,2022-04-02 20:30:30,Man seriously injured in shooting south of Cadillac  https://t.co/2kOYHmCz2f,en,[],[],https://twitter.com/MuskegonChron/status/1510233210340450305,['https://bit.ly/35wgA6m'],[],0,,0,0,0
104,1510176382432731137,roadshow,1648889081000.0,2022-04-02 16:44:41,2023 Cadillac Lyriq Electric SUV Production Begins in Tennessee  https://t.co/h54CnS1f4u,en,[],[],https://twitter.com/roadshow/status/1510176382432731137,['https://trib.al/Kg2oZ3P'],[],0,,3,0,1
105,1510170647082721282,roadshow,1648887714000.0,2022-04-02 16:21:54,2023 Cadillac Lyriq Electric SUV Production Begins in Tennessee  https://t.co/Pk3AjLN2jn,en,[],[],https://twitter.com/roadshow/status/1510170647082721282,['https://trib.al/GgCgXaX'],[],0,,3,0,1
107,1510133074155216898,roadshow,1648878756000.0,2022-04-02 13:52:36,2023 Cadillac Lyriq Electric SUV Production Begins in Tennessee  https://t.co/rZfvIDXzP0,en,[],[],https://twitter.com/roadshow/status/1510133074155216898,['https://trib.al/jeN1yW1'],[],0,,6,0,1
108,1510123132065095680,WLKY,1648876386000.0,2022-04-02 13:13:06,Apartment homes planned for site of former downtown Louisville Cadillac dealership  https://t.co/H2NrE1BYhH,en,[],[],https://twitter.com/WLKY/status/1510123132065095680,['https://www.wlky.com/article/apartment-homes-planned-for-site-of-former-downtown-louisville-cadillac-dealership/39614137?utm_campaign=snd-autopilot'],[],0,,0,0,0
110,1510100962857394180,9and10News,1648871100000.0,2022-04-02 11:45:00,Cadillac Popular Culture Convention is happening for free from 11 a.m. until 6 p.m. on Saturday.  https://t.co/a8lziX6127,en,[],[],https://twitter.com/9and10News/status/1510100962857394180,['https://www.9and10news.com/2022/04/01/fun-and-free-8th-annual-cadillac-comic-convention/'],[],0,,1,0,0
111,1510088427412336643,RickSmithShow,1648868111000.0,2022-04-02 10:55:11,"Shaun Richman:  Spectrum Cable workers went on strike after Spectrum dropped their insurance coverage from Cadillac levels to Buick levels &amp; changed their pension. As soon as the workers went on strike, Spectrum hired replacement workers. [scabs] @Ess_Dog",en,[],[],https://twitter.com/RickSmithShow/status/1510088427412336643,[],[],0,,3,1,0
112,1510077602157019136,roadshow,1648865530000.0,2022-04-02 10:12:10,"Depending on customer demand, GM could build nearly 200,000 of the electric Cadillac Lyriq per year  https://t.co/O791EcviwH",en,[],[],https://twitter.com/roadshow/status/1510077602157019136,['https://trib.al/sM5lbon'],[],0,,5,0,1
116,1510068902998515715,BernieLange,1648863456000.0,2022-04-02 09:37:36,@jimbcbs4 @VicLombardi @BillHanzlik @GoldCrownCO @AltitudeTV @nuggets @CASA_Army @MichaelCBS4 I've got my Cadillac Anderson jersey on!,en,[],[],https://twitter.com/BernieLange/status/1510068902998515715,[],[],0,,1,0,0
117,1510067026257195017,9and10News,1648863009000.0,2022-04-02 09:30:09,CHECK IT OUT:  Toy Town in Cadillac is now expanding to a new location!  https://t.co/4Yshee5rGL,en,[],[],https://twitter.com/9and10News/status/1510067026257195017,['https://www.9and10news.com/2022/04/01/toy-town-expands-to-new-location-in-reed-city/'],[],0,,1,0,0
119,1510059439025500166,AZGOP,1648861200000.0,2022-04-02 09:00:00,New poll numbers reveal that the only demographic that Biden is still performing well with is suburban women.  Are your Cadillac SUV's not getting too expensive to fill up?  What's going on here?,en,[],[],https://twitter.com/AZGOP/status/1510059439025500166,[],[],0,,480,177,91
120,1510049160740970507,Super70sSports,1648858749000.0,2022-04-02 08:19:09,You‚Äôre goddamn right the first 1981 Cadillac Imperial was for Frank Sinatra.  https://t.co/1A6Gb6Prny,en,[],[],https://twitter.com/Super70sSports/status/1510049160740970507,[],['https://pbs.twimg.com/media/FPTFtT6XEAkCRUV.jpg'],1,https://pbs.twimg.com/media/FPTFtT6XEAkCRUV.jpg,3757,188,192
121,1510041838304043011,SNYtv,1648857004000.0,2022-04-02 07:50:04,"Internal options or check the price of Sean Manaea &amp; Frankie Montas?  On Baseball Night in New York, @sal_licata, @Todd_Zeile &amp; @Jim_Duquette discuss the internal and external candidates to fill the rotation after Jacob deGrom's injury   https://t.co/ZmTMKslp4l  ‚ñ∂ @Cadillac  https://t.co/Kw8KNoLYfN",en,[],[],https://twitter.com/SNYtv/status/1510041838304043011,['https://on.sny.tv/IUZibjf'],[],1,https://pbs.twimg.com/amplify_video_thumb/1510041071241375746/img/hWjDWP9walaaxLh2.jpg,20,1,5
122,1510036827620749313,9and10News,1648855809000.0,2022-04-02 07:30:09,Calling all northern Michigan artists!   Submissions for the Annual Mayor Art Award in Cadillac is now open!  https://t.co/cI3ckNKYcZ,en,[],[],https://twitter.com/9and10News/status/1510036827620749313,['https://www.9and10news.com/2022/04/01/submissions-now-open-for-annual-mayors-art-award-in-cadillac/'],[],0,,0,0,0
123,1510025239098535939,WLKY,1648853046000.0,2022-04-02 06:44:06,Apartment homes planned for site of former downtown Louisville Cadillac dealership  https://t.co/H2NrE1BYhH,en,[],[],https://twitter.com/WLKY/status/1510025239098535939,['https://www.wlky.com/article/apartment-homes-planned-for-site-of-former-downtown-louisville-cadillac-dealership/39614137?utm_campaign=snd-autopilot'],[],0,,1,0,0
124,1510020265283047426,DDCEddieCarifio,1648851860000.0,2022-04-02 06:24:20,He's like the Cadillac of pitchers,en,[],[],https://twitter.com/DDCEddieCarifio/status/1510020265283047426,[],[],0,,1,0,0
127,1509995478590570501,fox28columbus,1648845951000.0,2022-04-02 04:45:51,"John Kotchkoski entered a guilty plea that includes forfeiture of cash, 21 firearms, a 2016 Cadillac Escalade, a 2021 Chevrolet Corvette, and a $500,000 money judgment against him.  https://t.co/RNLHdVGJhv",en,[],[],https://twitter.com/fox28columbus/status/1509995478590570501,['https://myfox28columbus.com/news/local/former-columbus-division-of-police-officer-john-kotchkoski-guilty-plea-conspiring-to-distribute-fentanyl-us-district-court-marco-merino-chevrolet-corvette-cadillac-escalade-cocaine-us-attorney-4-1-2022'],[],0,,0,0,1
128,1509995396759793676,wsyx6,1648845931000.0,2022-04-02 04:45:31,"John Kotchkoski entered a guilty plea that includes forfeiture of cash, 21 firearms, a 2016 Cadillac Escalade, a 2021 Chevrolet Corvette, and a $500,000 money judgment against him.  https://t.co/09Y3HHDmB6",en,[],[],https://twitter.com/wsyx6/status/1509995396759793676,['https://abc6onyourside.com/news/local/former-columbus-division-of-police-officer-john-kotchkoski-guilty-plea-conspiring-to-distribute-fentanyl-us-district-court-marco-merino-chevrolet-corvette-cadillac-escalade-cocaine-us-attorney-4-1-2022'],[],0,,2,1,3
131,1509991250346270723,bsteffen,1648844943000.0,2022-04-02 04:29:03,"Here's a satellite pic. and the Holland MI Lighthouse.  Clouds are clearing and we'll be mostly clear tonight.  We'll have a nice sunset (8:08 pm in Gr. Rapids) with patchy frost tonight.  Current temps:  Kalamazoo 37, Gr. Rapids 35, Cadillac 30.  https://t.co/q0vt9QMEqa",en,[],[],https://twitter.com/bsteffen/status/1509991250346270723,[],"['https://pbs.twimg.com/media/FPSQ9hOXsAQAoE-.png', 'https://pbs.twimg.com/media/FPSRBdgXMAYhAS0.jpg']",1,https://pbs.twimg.com/media/FPSQ9hOXsAQAoE-.png,5,0,0
132,1509981534622679040,Cadillac,1648842626000.0,2022-04-02 03:50:26,"@Mr_Business23 Thanks for bringing this to our attention. If you are experiencing concerns with your Escalade, send us a DM with your contact info, VIN, mileage, preferred dealership name, and more insight so that we may better understand how to assist.  Privacy policy:  https://t.co/c6xV3lDgQs  https://t.co/URhQRrSexj",en,[],[],https://twitter.com/Cadillac/status/1509981534622679040,"['https://s.gm.com/cfrgbq', 'https://twitter.com/messages/compose?recipient_id=66408053']",[],0,,2,0,0
133,1509973460029747212,nbc4i,1648840701000.0,2022-04-02 03:18:21,"Former Columbus police officer to forfeit Cadillac Escalade, Corvette and $500,000 after pleading guilty to trafficking fentanyl  https://t.co/zTyWTEnOPS",en,[],[],https://twitter.com/nbc4i/status/1509973460029747212,['https://nbc4i.co/3K4PS3K'],[],0,,3,2,0
137,1509960458744344585,bhaeberle,1648837601000.0,2022-04-02 02:26:41,"Former @ColumbusPolice officer John Kotchkoski pleads guilty to conspiracy to distribute fentanyl. Court docs alleged he and fellow narcotics officer conspired to distribute drugs. Kotchkoski will forfeit $$, Corvette, Cadillac and cache of firearms; sentencing to be determined.",en,[],[],https://twitter.com/bhaeberle/status/1509960458744344585,[],[],0,,1,0,0
138,1509959378476179461,SDOHnews,1648837344000.0,2022-04-02 02:22:24,"Second former Columbus police officer pleads guilty to conspiring to traffic fentanyl, agrees to forfeit more than $500,000, a Corvette, a Cadillac Escalade, and 21 guns  https://t.co/vWuS9R1E6k",en,[],[],https://twitter.com/SDOHnews/status/1509959378476179461,[],['https://pbs.twimg.com/media/FPR0DLYXEAgr5IA.jpg'],1,https://pbs.twimg.com/media/FPR0DLYXEAgr5IA.jpg,5,0,4
140,1509942090310066178,DrFunkySpoon,1648833222000.0,2022-04-02 01:13:42,@AlexSkolnick Their Cadillac has got a wheel in the ditch And a wheel on the track...,en,[],[],https://twitter.com/DrFunkySpoon/status/1509942090310066178,[],[],0,,1,0,0
141,1509925951664115713,BallySportWest,1648829374000.0,2022-04-02 00:09:34,Zu for ‚úåÔ∏è + ‚òùÔ∏è  @Clippers | #CadillacHighlight | @Cadillac  https://t.co/m4Cm61OOWZ,en,['cadillachighlight'],[],https://twitter.com/BallySportWest/status/1509925951664115713,[],[],1,https://pbs.twimg.com/amplify_video_thumb/1509728564723081220/img/PSJJfuBTEuR4G2Yh.jpg,2,0,1
143,1509912286881796103,cmcdonaldglobal,1648826116000.0,2022-04-01 23:15:16,"Superintendent Baptist says the 36 y-o driver was not the registered owner of the Cadillac SUV. It‚Äôs unclear how he got access to the vehicle. I asked if the owner could be charged, Baptist said investigators will be looking into everything",en,[],[],https://twitter.com/cmcdonaldglobal/status/1509912286881796103,[],[],0,,8,2,2
144,1509909742323486725,FiddleSabre,1648825509000.0,2022-04-01 23:05:09,‚ÄúDaddy Never Was the Cadillac Kind‚Äù is one of the best country songs of the ‚Äò90s.,en,[],[],https://twitter.com/FiddleSabre/status/1509909742323486725,[],[],0,,8,1,0
145,1509907965641433097,Automotive_News,1648825086000.0,2022-04-01 22:58:06,.@GM Q1 U.S. sales: -20.1% #Buick: -58.2% #Cadillac: -24.3% #Chevy: -19.6% #GMC: -7.5%,en,"['buick', 'cadillac', 'chevy', 'gmc']",[],https://twitter.com/Automotive_News/status/1509907965641433097,[],[],0,,8,1,3
146,1509897134480502817,PNCArtsCenter,1648822504000.0,2022-04-01 22:15:04,"#OnSaleNow üå™ 105.5 WDHA'S Rock The Park Presents @Halestorm And @TPROfficial with special guests @TheWarningBand2  - July 28th!  üé∏ Don't miss out, get tickets now! &gt;  https://t.co/Rz5sCz1wUc  Part of the #Cadillac Tri-State Concert Series ü§ò  üì∏: Judy Won  https://t.co/xBP7Oigb6o",en,"['onsalenow', 'cadillac']",[],https://twitter.com/PNCArtsCenter/status/1509897134480502817,['https://livemu.sc/3qNvnAX'],['https://pbs.twimg.com/media/FPQ7b2aX0AQFA07.jpg'],1,https://pbs.twimg.com/media/FPQ7b2aX0AQFA07.jpg,0,0,0
147,1509893473486389251,PNCArtsCenter,1648821631000.0,2022-04-01 22:00:31,#OnSaleNow üêâ @Imaginedragons: Mercury World Tour w/ @macklemore &amp; Kings Elliot - August 18! ‚≠êÔ∏è You don‚Äôt want to miss this! Get tickets now &gt;  https://t.co/Ge8RGzjCKQ  Part of the #Cadillac Tri-State Concert Series ü§ò  https://t.co/Jztvn2xQm5,en,"['onsalenow', 'cadillac']",[],https://twitter.com/PNCArtsCenter/status/1509893473486389251,['https://livemu.sc/3wFPMvK'],[],1,https://pbs.twimg.com/amplify_video_thumb/1509893379202686980/img/b4lT2ef0fy25I70E.jpg,2,0,0
150,1509712172615704587,9and10News,1648778405000.0,2022-04-01 10:00:05,The Cadillac YMCA is planning a fun way to raise money for the community all while staying fit.  https://t.co/Q0m9LwJxy0,en,[],[],https://twitter.com/9and10News/status/1509712172615704587,['https://www.9and10news.com/2022/03/31/cadillac-ymca-raising-money-with-amazing-race-style-fundraiser/'],[],0,,0,0,0
151,1509706350183526405,evan_b,1648777017000.0,2022-04-01 09:36:57,That‚Äôs a terrible call. I‚Äôm glad Brown is okay but that‚Äôs not a flag-2 foul. Middleton should be commended for hustling when Brown Cadillac‚Äôd it.,en,[],[],https://twitter.com/evan_b/status/1509706350183526405,[],[],0,,3,0,0
152,1509702827777708033,jerryblevins,1648776177000.0,2022-04-01 09:22:57,@Al_The__Pal @SNYtv @sal_licata @KimJonesSports @SlangsOnSports @Cadillac Very rarely. Except SF with Brandon Belt ü§£. That‚Äôs hilarious,en,[],[],https://twitter.com/jerryblevins/status/1509702827777708033,[],[],0,,1,1,0
153,1509702416794595328,SNYtv,1648776079000.0,2022-04-01 09:21:19,"""Ideally, he should be a captain of the Mets""  On Baseball Night in New York, @sal_licata asks @KimJonesSports, @JerryBlevins &amp; @SlangsOnSports what they're expecting from Pete Alonso in the 2022 season     https://t.co/uaCKwdRICd  ‚ñ∂ @Cadillac  https://t.co/6yOEeAsdBJ",en,[],[],https://twitter.com/SNYtv/status/1509702416794595328,['https://on.sny.tv/oTLauAt'],[],1,https://pbs.twimg.com/amplify_video_thumb/1509694940661616645/img/VcYXnAeTgGa-5Jqj.jpg,51,2,6
154,1509701501194805251,IMAO_,1648775861000.0,2022-04-01 09:17:41,@michaelmalice It‚Äôs like calling a type of car a ‚ÄúCadillaccar‚Äù and it‚Äôs radically different than a Cadillac.,en,[],[],https://twitter.com/IMAO_/status/1509701501194805251,[],[],0,,20,0,1
155,1509681996800401410,9and10News,1648771211000.0,2022-04-01 08:00:11,Members of the Alano Club in Cadillac say they‚Äôre closing their doors‚Äîtemporarily.  https://t.co/bpfcMlMtBD,en,[],[],https://twitter.com/9and10News/status/1509681996800401410,['https://www.9and10news.com/2022/03/31/cadillac-alano-club-looking-for-new-home/'],[],0,,0,0,0
156,1509678457151803399,TheVFCastro,1648770367000.0,2022-04-01 07:46:07,"Cadillac needs to visit a nail salon the next time they redesign their massaging seats. Like, these should feel like borderline violence not like a chihuahua is pawing you.",en,[],[],https://twitter.com/TheVFCastro/status/1509678457151803399,[],[],0,,2,0,0
157,1509677951008215042,Cadillac,1648770246000.0,2022-04-01 07:44:06,"@Blackfingers63 Thank you for your reply. If you need any assistance in the future, please send us a DM.",en,[],[],https://twitter.com/Cadillac/status/1509677951008215042,[],[],0,,1,1,0
158,1509677440012017672,GMParts_ACDelco,1648770124000.0,2022-04-01 07:42:04,Proud to be the choice of enthusiasts with a taste for the finer things. #GMGenuineParts #ACDelco   üì∏IG: @cadillac.club.america  https://t.co/FxzeLnUSGZ,en,"['gmgenuineparts', 'acdelco']",[],https://twitter.com/GMParts_ACDelco/status/1509677440012017672,[],['https://pbs.twimg.com/media/FPNzoY3XsAQ2ux2.jpg'],1,https://pbs.twimg.com/media/FPNzoY3XsAQ2ux2.jpg,3,1,0
159,1509671336259592200,Cadillac,1648768669000.0,2022-04-01 07:17:49,"@Blackfingers63 Hello. We're sorry to hear about the concern with your Escalade. If you need any assistance bringing this concern to the attention of a Cadillac dealership, please send us a DM.  https://t.co/URhQRs9PVT",en,[],[],https://twitter.com/Cadillac/status/1509671336259592200,['https://twitter.com/messages/compose?recipient_id=66408053'],[],0,,0,1,0
161,1509656477950263296,Cadillac,1648765127000.0,2022-04-01 06:18:47,Get a glimpse of the never-before-seen Cadillac ELECTRIQ Theater @MiamiOpen. It‚Äôs a 360-degree immersive experience showcasing Cadillac‚Äôs 120-year iconic history and the new all-electric LYRIQ.  https://t.co/4b1T1f0bSG,en,[],[],https://twitter.com/Cadillac/status/1509656477950263296,[],"['https://pbs.twimg.com/media/FPNgkFFWYAYZbQS.jpg', 'https://pbs.twimg.com/media/FPNgkFGXEA8lUDK.jpg', 'https://pbs.twimg.com/media/FPNgkFEX0AAhxEp.jpg', 'https://pbs.twimg.com/media/FPNgkFDXMAU63po.jpg']",1,https://pbs.twimg.com/media/FPNgkFFWYAYZbQS.jpg,107,2,17
162,1509654572314161153,CadillacCanada,1648764672000.0,2022-04-01 06:11:12,"@wingingit23 To protect your privacy, we generally ask our customers to send us a DM when they provide personal information. Please send us a DM with the requested details to better assist you. To learn more about General Motors Privacy Policy, please visit:  https://t.co/oLmQEytVjm ^DL",en,[],[],https://twitter.com/CadillacCanada/status/1509654572314161153,['https://s.gm.com/qmnc5d'],[],0,,0,1,0
164,1509633451023949824,CadillacCanada,1648759637000.0,2022-04-01 04:47:17,"@wingingit23 Hi Dave, Your safety is of utmost importance to us and we'd like to address your concerns. To do so, please send us a DM with the requested info so that we can see how best we may assist. To learn more about General Motors Privacy Policy, please visit:  https://t.co/6Uk9VWy5pj ^DL",en,[],[],https://twitter.com/CadillacCanada/status/1509633451023949824,['https://s.gm.com/fgxnpg'],[],0,,0,1,0
165,1509632809140305935,GFTribGHiggins,1648759483000.0,2022-04-01 04:44:43,"@mattvolz this makes the rounds frequently and is somehow funnier than the last time I watched it haha. My personal fav: ""It's like your mother-in-law going off a cliff in a Cadillac...you've got mixed feelings!""",en,[],[],https://twitter.com/GFTribGHiggins/status/1509632809140305935,[],[],0,,1,0,0
166,1509629173370916873,SInow,1648758617000.0,2022-04-01 04:30:17,Wellness coach and fitness trainer Monica Jones has built a workout program that takes a woman‚Äôs unique biological makeup into account  (Presented by @Cadillac)  https://t.co/3YJruz13K5,en,[],[],https://twitter.com/SInow/status/1509629173370916873,['https://trib.al/6JXBNqY'],[],0,,14,3,1
167,1509619421488332811,bsteffen,1648756292000.0,2022-04-01 03:51:32,"Here's a satellite pic. (pretty much cloudy everywhere), radar (area of snow moving northeast) and MDOT cameras west of Cadillac (where it is snowing lightly and main roads are just wet) and east of Marquette (where it is snowing and roads have slippery spots), 38¬∞ in Gr. Rapids.  https://t.co/uvk6jWM15N",en,[],[],https://twitter.com/bsteffen/status/1509619421488332811,[],"['https://pbs.twimg.com/media/FPM-T0wXoAEj6VM.png', 'https://pbs.twimg.com/media/FPM-XHsWYAU2V9p.png', 'https://pbs.twimg.com/media/FPM-Y6mWYAQb7sC.jpg', 'https://pbs.twimg.com/media/FPM-bSpWUAIEBP-.png']",1,https://pbs.twimg.com/media/FPM-T0wXoAEj6VM.png,3,0,1
168,1509607709691236354,AaronStarmer,1648753499000.0,2022-04-01 03:04:59,"In the days before cell phones cameras, I spotted my favorite license plate of all time on a Cadillac outside a Waffle House in Georgia. And absolute masterpiece:  ICUHATIN",en,[],[],https://twitter.com/AaronStarmer/status/1509607709691236354,[],[],0,,1,0,0
169,1509587679930990599,GMFleet,1648748724000.0,2022-04-01 01:45:24,"Combining advanced technology, stunning design, and impressive performance, the @Cadillac CT5 is a perfect fit for executive or luxury #fleets everywhere. Get the details here:  https://t.co/MKNJGzCDmZ  https://t.co/0Zztq4LnG5",en,['fleets'],[],https://twitter.com/GMFleet/status/1509587679930990599,['https://s.gm.com/xajkdm'],['https://pbs.twimg.com/media/FPMh_m2WUAU2vdi.jpg'],1,https://pbs.twimg.com/media/FPMh_m2WUAU2vdi.jpg,1,0,1
170,1509576885365313545,959thefox,1648746150000.0,2022-04-01 01:02:30,Donate a new Stuffed Animal to our 95.9 THE FOX Cadillac of Greenwich Bears that Care Drive! We give the Bears and Stuffed animals to our Police Departments to use on calls with kids. Here is all the details:  https://t.co/l2Di1ET4VY  https://t.co/QysXpQ0vrw,en,[],[],https://twitter.com/959thefox/status/1509576885365313545,['http://ow.ly/2iqR50I7012'],['https://pbs.twimg.com/media/FPMYLUTXsAUa0E7.jpg'],1,https://pbs.twimg.com/media/FPMYLUTXsAUa0E7.jpg,0,0,0
171,1509576568770813970,feeonlyplanner,1648746075000.0,2022-04-01 01:01:15,"A former Yale employee admits she stole $40 million in electronics from the university  https://t.co/QhoKUY9Ycw #fraud #LockHerUp  ""used the money to live the high life, buy real estate &amp; travel, she [had] two Mercedes-Benz, two Cadillac Escalades, a Dodge Charger &amp; a Range Rover.",en,"['fraud', 'lockherup']",[],https://twitter.com/feeonlyplanner/status/1509576568770813970,['https://buff.ly/3wUapEu'],[],0,,1,1,0
172,1509566169002524675,theCHIVE,1648743595000.0,2022-04-01 00:19:55,Yelling incoherent nonsense will surely help get your repo‚Äôd Cadillac back (Video)  https://t.co/a6sXRRFVFV,en,[],[],https://twitter.com/theCHIVE/status/1509566169002524675,['https://bit.ly/3JZl7x5'],[],0,,2,0,0
173,1509546845009235978,broadwaychicago,1648738988000.0,2022-03-31 23:03:08,"In tribute to our Founder James M. Nederlander (March 31, 1922 ‚Äì July 24, 2016 at 94), today, on what would have been the occasion of his 100th birthday, we will be dimming the marquees of the James M. Nederlander Theatre and Cadillac Palace Theatre at 7:15 p.m.  https://t.co/5Zf43L5nep",en,[],[],https://twitter.com/broadwaychicago/status/1509546845009235978,[],['https://pbs.twimg.com/media/FPL8fujXwAktJtZ.jpg'],1,https://pbs.twimg.com/media/FPL8fujXwAktJtZ.jpg,9,1,0
175,1509533279476662286,PNCArtsCenter,1648735754000.0,2022-03-31 22:09:14,"#JustAnnounced üíõ Why Don't We: The Good Times Only Tour with The Aces &amp; JVKE - Friday, July 8th! &gt;  https://t.co/c1fgCzVsiZ üêù Presale | 4/7 | 10am | Code: ROADIE üêù  On Sale | 4/8 | 10am  Part of the #Cadillac Tri-State Concert Series ü§ò  https://t.co/SLNPIxlXjZ",en,"['justannounced', 'cadillac']",[],https://twitter.com/PNCArtsCenter/status/1509533279476662286,['https://livemu.sc/3LMtH35'],['https://pbs.twimg.com/media/FPLwhI9WUAEH3HD.jpg'],1,https://pbs.twimg.com/media/FPLwhI9WUAEH3HD.jpg,106,1,12
176,1509531018981621767,MotorTrend,1648735215000.0,2022-03-31 22:00:15,"The Cadillac and @GM brand logos were redesigned to position the brands for a sleek, tech-heavy all-electric future, and @Buick is next.  https://t.co/m28gHObIQV",en,[],[],https://twitter.com/MotorTrend/status/1509531018981621767,['https://bit.ly/3uLWCNy'],[],0,,10,1,3
177,1509527158380642311,ejaf,1648734294000.0,2022-03-31 21:44:54,"Thank you to our Sponsors: @Walmart @SamsClub @drinkneuro @ParxCasino @RMartinChavez @EqualityUtah @Cadillac @GileadSciences @kellehermatch, Robert K. Kraft, The Leonard &amp; Judy Lauder Fund @MACcosmetics @belvederevodka; @WeHoCity; and our official airline, @AmericanAir.  https://t.co/0DXGI7m0B3",en,[],[],https://twitter.com/ejaf/status/1509527158380642311,[],['https://pbs.twimg.com/media/FPLq7GfXEAIsQfg.jpg'],1,https://pbs.twimg.com/media/FPLq7GfXEAIsQfg.jpg,15,0,3
179,1509483448804728839,mtlgazette,1648723873000.0,2022-03-31 18:51:13,Cadillac Fairview holds 'Town Hall' meeting in Pointe-Claire  https://t.co/H6PVrgcYrp,en,[],[],https://twitter.com/mtlgazette/status/1509483448804728839,['https://montrealgazette.com/news/local-news/west-island-gazette/cadillac-fairview-holds-town-hall-meeting-in-pointe-claire?utm_term=Autofeed&utm_medium=Social&utm_source=Twitter#Echobox=1648723819'],[],0,,2,0,0
180,1509462840410783744,TrooperBob_SC,1648718960000.0,2022-03-31 17:29:20,5:30am Update from SCHP:  Two-vehicle collision on I-26 WB near 216 MM Unit one ‚Äì Harley Davidson motorcycle Unit two- Cadillac ¬† Harley struck the rear of the Cadillac vehicle that was disabled in the roadway The driver of the motorcycle is deceased.,en,[],[],https://twitter.com/TrooperBob_SC/status/1509462840410783744,[],[],0,,6,1,3
182,1509387392637181953,bsteffen,1648700972000.0,2022-03-31 12:29:32,"Here's storm reports (26 tornadoes so far,179 reports of wind damage with gusts over 80 mph).  Rainfall:  Muskegon 1.09"", Holland 1.07, Grand Rapids 1.04"".  High temps. this evening:  Indianapolis 78,   Coldwater, Sturgis 67, Gr. Rapids 58, Cadillac 39.  Also lighting and radar.  https://t.co/QeHJUXSTEw",en,[],[],https://twitter.com/bsteffen/status/1509387392637181953,[],"['https://pbs.twimg.com/media/FPJrnK9WUAg4ozW.png', 'https://pbs.twimg.com/media/FPJrrC8WYAIfL57.jpg', 'https://pbs.twimg.com/media/FPJrvsWXMAUILCZ.jpg']",1,https://pbs.twimg.com/media/FPJrnK9WUAg4ozW.png,6,0,0
183,1509379201463422982,roadshow,1648699019000.0,2022-03-31 11:56:59,2023 Cadillac Lyriq Electric SUV Production Begins in Tennessee  https://t.co/1B0ZexRPBz,en,[],[],https://twitter.com/roadshow/status/1509379201463422982,['https://trib.al/M2a3Vxx'],[],0,,5,1,1
184,1509349794258563079,9and10News,1648692007000.0,2022-03-31 10:00:07,"Freezing rain and ice isn‚Äôt pretty to drive in, but it can be pretty to look at.  For today‚Äôs Sights and Sounds of Northern Michigan, photojournalist Stephanie Adkins found pops of color frozen in ice at the Maple Hill Cemetery in Cadillac.  https://t.co/GlBJfuVgY6",en,[],[],https://twitter.com/9and10News/status/1509349794258563079,['https://www.9and10news.com/2022/03/30/sights-and-sounds-pops-of-frozen-color-in-cadillac/'],[],0,,1,0,0
186,1509332152424574976,SNYtv,1648687801000.0,2022-03-31 08:50:01,"On Baseball Night in New York, @emacSNY asks @Jim_Duquette what his ideal Mets lineups would be vs. lefties and righties  ‚ñ∂ @Cadillac   https://t.co/O3SymwpOIm  https://t.co/5q0YlKP5DK",en,[],[],https://twitter.com/SNYtv/status/1509332152424574976,['https://on.sny.tv/83sT8s3'],[],1,https://pbs.twimg.com/amplify_video_thumb/1509316102261780487/img/XtBfrCbOHmsVR0l7.jpg,12,2,4
187,1509319569487405061,WTGSFOX28,1648684801000.0,2022-03-31 08:00:01,"Miranda Lambert, Little Big Town, and The Cadillac Three are headed to Charleston in May for a special benefit concert for the Berkeley Animal Center.  https://t.co/sJg7GD6WxE",en,[],[],https://twitter.com/WTGSFOX28/status/1509319569487405061,['https://fox28media.com/news/local/miranda-lambert-others-partner-with-berkeley-animal-center-for-charleston-benefit-concert'],[],0,,0,0,0
188,1509317349924610049,markmcc,1648684272000.0,2022-03-31 07:51:12,@briankoppelman Have you ever read Cadillac Desert? My fave non-fiction book.,en,[],[],https://twitter.com/markmcc/status/1509317349924610049,[],[],0,,20,3,0
190,1509293001301975045,calgarysun,1648678467000.0,2022-03-31 06:14:27,Break and enter suspect flees in stolen Cadillac: RCMP  https://t.co/cSA4N0gUeu  https://t.co/Pbix6H48La,en,[],[],https://twitter.com/calgarysun/status/1509293001301975045,['https://bit.ly/3iU9MT2'],['https://pbs.twimg.com/media/FPIV_JrWYAY6njV.jpg'],1,https://pbs.twimg.com/media/FPIV_JrWYAY6njV.jpg,0,0,0
191,1509254573009027076,calgaryherald,1648669305000.0,2022-03-31 03:41:45,Break and enter suspect flees in stolen Cadillac: RCMP  https://t.co/KheeOKf7ML,en,[],[],https://twitter.com/calgaryherald/status/1509254573009027076,['https://bit.ly/3uEzIaU'],[],0,,0,0,0
192,1509254132808437768,news6wkmg,1648669200000.0,2022-03-31 03:40:00,The world‚Äôs longest car measures out to 100 feet and 1.5 inches long. The car is made up of six Cadillac Eldorados fused together and sits on 26 wheels.    https://t.co/PyU5i1a2E7,en,[],[],https://twitter.com/news6wkmg/status/1509254132808437768,['https://www.clickorlando.com/news/local/2022/03/30/100-feet-heres-where-to-see-worlds-longest-car-in-orlando/?utm_source=facebook&utm_medium=social&utm_campaign=snd&utm_content=wkmg6'],[],0,,0,0,0
193,1509251616989274115,ABCNews4,1648668600000.0,2022-03-31 03:30:00,"Country music fans, get excited! Tickets are on sale now for a May 12 concert featuring Miranda Lambert, Little Big Town, and The Cadillac Three, all in benefit of the Berkeley Animal Center.   https://t.co/MkuQ4oamqy  #chsnews #scnews",en,"['chsnews', 'scnews']",[],https://twitter.com/ABCNews4/status/1509251616989274115,['https://abcnews4.com/newsletter-daily/miranda-lambert-others-partner-with-berkeley-animal-center-for-charleston-benefit-concert'],[],0,,1,0,3
194,1509246540220620804,broadwaychicago,1648667390000.0,2022-03-31 03:09:50,"In tribute to our Founder James M. Nederlander (March 31, 1922 ‚Äì July 24, 2016 at 94), tomorrow, on what would have been the occasion of his 100th birthday, we will be dimming the marquees of the James M. Nederlander Theatre &amp; Cadillac Palace Theatre at 7:15 p.m.",en,[],[],https://twitter.com/broadwaychicago/status/1509246540220620804,[],[],0,,13,1,0
195,1509246305469550593,Cadillac,1648667334000.0,2022-03-31 03:08:54,"@M_Coug Hello, Mike. We are very sorry to hear of the concerns you are having with obtaining a part for your dad's Cadillac and our team would like to learn more. So that we may, please send us a direct message.  https://t.co/URhQRrSexj",en,[],[],https://twitter.com/Cadillac/status/1509246305469550593,['https://twitter.com/messages/compose?recipient_id=66408053'],[],0,,0,0,0
196,1509245534489378818,Cadillac,1648667150000.0,2022-03-31 03:05:50,"@_candicecamille Hello, Candice. We regret to hear that you are having concerns with the transmission on your Escalade. So that we may best assist, please feel free to send us a direct message.  https://t.co/URhQRrSexj",en,[],[],https://twitter.com/Cadillac/status/1509245534489378818,['https://twitter.com/messages/compose?recipient_id=66408053'],[],0,,1,0,0
197,1509234332111622144,NewYorker,1648664479000.0,2022-03-31 02:21:19,".@susanorlean remembers Gilbert Hilton (1945-2022), whose Badillac‚Äîthe name he gave his 2007 Cadillac SRX‚Äîwas covered with hundreds of Goodwill finds.  https://t.co/0tWz5tJ4pe",en,[],[],https://twitter.com/NewYorker/status/1509234332111622144,['http://nyer.cm/5vRLq1B'],[],0,,32,3,6
198,1509216955533721601,CadillacCanada,1648660336000.0,2022-03-31 01:12:16,"@wingingit23 Hello Dave, Thank you for bringing your concern to our attention. Please send us a DM with further detail as we‚Äôd like to know more about your experience and concern. To learn more about General Motors Privacy Policy, please visit:  https://t.co/7sq2bt9Nxf ^DL",en,[],[],https://twitter.com/CadillacCanada/status/1509216955533721601,['https://s.gm.com/9t5rb7'],[],0,,0,1,0
199,1509210092058591238,broadwaychicago,1648658700000.0,2022-03-31 00:45:00,"Since becoming a Latin ACE and HOLA Award winning actress, Maite Uzal is now playing Golde in @FiddlerBroadway! See Maite at the Cadillac Palace Theatre for one week only beginning May 17.  https://t.co/LS8YK3M1cj",en,[],[],https://twitter.com/broadwaychicago/status/1509210092058591238,[],"['https://pbs.twimg.com/media/FPHFaTuWQAcRRIF.jpg', 'https://pbs.twimg.com/media/FPHFaFSXsAQHwbI.jpg']",1,https://pbs.twimg.com/media/FPHFaTuWQAcRRIF.jpg,3,0,0
200,1509183898722443275,MSGNetworks,1648652455000.0,2022-03-30 23:00:55,How many points did Brian Leetch record in his Calder-winning rookie season?  @Cadillac | #CadillacTrivia,en,['cadillactrivia'],[],https://twitter.com/MSGNetworks/status/1509183898722443275,[],[],0,,1,1,1
215,1509073001085652993,BeffernieBlack,1648626015000.0,2022-03-30 15:40:15,"@TimboHouston @IKEAUK Haha, the Psycho-Billy Cadillac version of an aeroplane",en,[],[],https://twitter.com/BeffernieBlack/status/1509073001085652993,[],[],0,,1,1,0
216,1509010004015206405,brianmctaggart,1648610995000.0,2022-03-30 11:29:55,@TexasChance @phillipghutzman I went way back...like Cadillac seats,en,[],[],https://twitter.com/brianmctaggart/status/1509010004015206405,[],[],0,,2,0,0
219,1508982961621725188,Cadillac,1648604548000.0,2022-03-30 09:42:28,"@71Grind You're welcome. If you have any additional questions, please send us a message.  https://t.co/URhQRrSexj",en,[],[],https://twitter.com/Cadillac/status/1508982961621725188,['https://twitter.com/messages/compose?recipient_id=66408053'],[],0,,0,0,0
220,1508975612546859008,Cadillac,1648602796000.0,2022-03-30 09:13:16,@71Grind All of the available options and colors for the 2023 Cadillac LYRIQ are available to view at  https://t.co/mzqBZ8LaFC You can also find this information in our 2023 LYRIQ Digital Brochure  https://t.co/5yBxPnGems,en,[],[],https://twitter.com/Cadillac/status/1508975612546859008,"['https://s.gm.com/g57s7k', 'https://s.gm.com/dj2m7c']",[],0,,0,1,0
221,1508964726553804800,SNYtv,1648600200000.0,2022-03-30 08:30:00,"Should Brandon Nimmo or Starling Marte be the Mets' leadoff hitter when the season starts?  @sal_licata, @Todd_Zeile, @john_jastremski, @martinonyc and Terry Collins discuss on BNNY:  https://t.co/nuA7fc6uij  ‚û°Ô∏è Tri-State @Cadillac  https://t.co/XsMuAkGyQ7",en,[],[],https://twitter.com/SNYtv/status/1508964726553804800,['https://on.sny.tv/vrHwoWu'],[],1,https://pbs.twimg.com/amplify_video_thumb/1508955306243547138/img/YVh2auYpGeHURglh.jpg,24,11,2
222,1508963467079958529,9and10News,1648599900000.0,2022-03-30 08:25:00,New Hope Center in Cadillac is putting the final touches on a brand new shelter for those in the area experiencing homelessness.  https://t.co/vfkByHu6Nm,en,[],[],https://twitter.com/9and10News/status/1508963467079958529,['https://www.9and10news.com/2022/03/29/new-hope-center-to-open-new-shelter-in-april/'],[],0,,0,0,0
223,1508957255265308675,BFLouisville,1648598419000.0,2022-03-30 08:00:19,Here‚Äôs what‚Äôs going on the former Brown Bros. Cadillac property   https://t.co/x7YIX7txAZ,en,[],[],https://twitter.com/BFLouisville/status/1508957255265308675,['https://www.bizjournals.com/louisville/news/2022/03/29/brown-bros-cadillac.html?ana=TRUEANTHEMTWT_LO&csrc=6398&taid=62439d8b6d68c20001641824&utm_campaign=trueAnthem%3A+Trending+Content&utm_medium=trueAnthem&utm_source=twitter'],[],0,,0,0,0
224,1508944520825741319,MarketWatch,1648595383000.0,2022-03-30 07:09:43,"Federal prosecutors say a former administrator at the Yale University School of Medicine used the money to buy a fleet of luxury cars including Mercedes, Land Rovers and Cadillac Escalades, numerous properties in several states and to pay for lavish trips.  https://t.co/rx5otw940N",en,[],[],https://twitter.com/MarketWatch/status/1508944520825741319,['https://trib.al/xliaKWy'],[],0,,9,1,4
226,1508919470617731074,SInow,1648589410000.0,2022-03-30 05:30:10,ESPN‚Äôs do-everything announcer and HBCU football mainstay Tiffany Greene is a pitch-perfect voice for the time  (Presented by @Cadillac)  https://t.co/fxYXBRCy1e,en,[],[],https://twitter.com/SInow/status/1508919470617731074,['https://trib.al/uz2js0N'],[],0,,11,0,4
227,1508917916195966976,broadwaychicago,1648589040000.0,2022-03-30 05:24:00,"""Having an original musical that is meaningful to people is the dream."" - Matthew Sklar (Score)  Listen to the creative team and Original Broadway Cast talk about the building of @ThePromMusical! See the touring production at the Cadillac Palace Theatre April 19 - 24 only.  https://t.co/ObZVdzRxa3",en,[],[],https://twitter.com/broadwaychicago/status/1508917916195966976,[],[],1,https://pbs.twimg.com/amplify_video_thumb/1505961531070103554/img/PKy-4iQguGwLta95.jpg,2,0,0
228,1508907657406648334,TexasMonthly,1648586594000.0,2022-03-30 04:43:14,"What's the difference between a ranch and a farm? Great question.   In his latest column, @TheTexanist surveys the Big Texan Steak Ranch, 44 Farms, the Chicken Ranch, the Snake Farm, and the Cadillac Ranch to come up with his nuanced take.   https://t.co/PPUE1xm4Bf",en,[],[],https://twitter.com/TexasMonthly/status/1508907657406648334,['https://trib.al/Zo70Z2S'],[],0,,8,1,4
229,1508907236189425668,Robert_Hackford,1648586493000.0,2022-03-30 04:41:33,"The U.S. Attorney's Office says the two men received four Economic Injury Disaster Loans (EIDL) and allegedly used the money for:  - payments on residences in NT, Lewiston - paid HOA fees on a Florida condo - bought a 2020 BMW &amp; 2020 Cadillac - gave money to family  https://t.co/b1m0ht5xkw",en,[],[],https://twitter.com/Robert_Hackford/status/1508907236189425668,[],['https://pbs.twimg.com/media/FPCvUEDXsAUBXgI.png'],1,https://pbs.twimg.com/media/FPCvUEDXsAUBXgI.png,0,2,1
230,1508905052097945605,WKBW,1648585973000.0,2022-03-30 04:32:53,"The money was allegedly used on personal expenses, such as payments for residential properties, a 2020 BMW, a 2020 Cadillac, homeowner association fees on a Florida condominium, and payments to relatives.  https://t.co/ocDfm6NL1Q",en,[],[],https://twitter.com/WKBW/status/1508905052097945605,['http://bit.ly/3tMrvlR'],[],0,,2,2,0
231,1508904074942558211,broadwaychicago,1648585740000.0,2022-03-30 04:29:00,Think quick! On @Jeopardy there was a whole category of questions dedicated to Broadway including a clue for @JerseyBoysInfo! Did you answer them correctly? See the Tony-Award winning Best Musical at the Cadillac Palace Theatre May 3 - 8 only!  https://t.co/U9NNZy2xpY  https://t.co/bpJGFr9AAS,en,[],[],https://twitter.com/broadwaychicago/status/1508904074942558211,['http://bit.ly/JerseyBoys_CHI'],[],1,https://pbs.twimg.com/amplify_video_thumb/1492247381227802631/img/xkqr7kPeRLazhTZX.jpg,1,0,0
233,1508866630704676869,BFLouisville,1648576812000.0,2022-03-30 02:00:12,The Cadillac dealership closed last year after operating in Louisville since the 1940s. Now the property is getting a new owner which has big development plans for the site.   https://t.co/kJp8Nyy8Pz,en,[],[],https://twitter.com/BFLouisville/status/1508866630704676869,['https://www.bizjournals.com/louisville/news/2022/03/29/brown-bros-cadillac.html?ana=TRUEANTHEMTWT_LO&csrc=6398&taid=6243492c6d68c20001640a32&utm_campaign=trueAnthem%3A+Trending+Content&utm_medium=trueAnthem&utm_source=twitter'],[],0,,0,0,0
234,1508858496212627457,Cadillac,1648574873000.0,2022-03-30 01:27:53,"@Assmaraa_ This is certainly not something we hope to hear. So that we may best assist, please feel free to send us a direct message with additional details of your vehicle concerns.  https://t.co/URhQRrSexj",en,[],[],https://twitter.com/Cadillac/status/1508858496212627457,['https://twitter.com/messages/compose?recipient_id=66408053'],[],0,,1,0,0
235,1508852128302968849,959thefox,1648573355000.0,2022-03-30 01:02:35,Donate a new Stuffed Animal to our 95.9 THE FOX Cadillac of Greenwich Bears that Care Drive! We give the Bears and Stuffed animals to our Police Departments to use on calls with kids. Here is all the details:  https://t.co/l2Di1ET4VY  https://t.co/a6WT7DF1Wx,en,[],[],https://twitter.com/959thefox/status/1508852128302968849,['http://ow.ly/2iqR50I7012'],['https://pbs.twimg.com/media/FPCFA46X0As4tim.jpg'],1,https://pbs.twimg.com/media/FPCFA46X0As4tim.jpg,0,0,0
236,1508839176707489799,Cadillac,1648570267000.0,2022-03-30 00:11:07,Be authentic. Be unwavering. Be electrifying. Taking orders May 19th. #LYRIQ #BEICONIC  https://t.co/9Xo2FFyfHu,en,"['lyriq', 'beiconic']",[],https://twitter.com/Cadillac/status/1508839176707489799,[],['https://pbs.twimg.com/media/FPB5MgLWUAAgGSC.jpg'],1,https://pbs.twimg.com/media/FPB5MgLWUAAgGSC.jpg,85,4,19
237,1508833884468875275,MSGNetworks,1648569005000.0,2022-03-29 23:50:05,Who did Denis Potvin score his first NHL goal against?   @Cadillac | #CadillacTrivia,en,['cadillactrivia'],[],https://twitter.com/MSGNetworks/status/1508833884468875275,[],[],0,,1,0,2
239,1508821472558694407,lvlightsfc,1648566046000.0,2022-03-29 23:00:46,Pink Cadillac üöò + Elvis Impersonator üï∫ + @CashLightsFC + Pink Scarf üß£ = EPIC @DesertRadiology Image of the Game üì∏ #VivaLights üéâ‚öΩÔ∏è  https://t.co/R2LYeXSEOJ,en,['vivalights'],[],https://twitter.com/lvlightsfc/status/1508821472558694407,[],['https://pbs.twimg.com/media/FPBpIZXXoAA7shZ.jpg'],1,https://pbs.twimg.com/media/FPBpIZXXoAA7shZ.jpg,8,0,0
241,1508809078625165329,Cadillac,1648563091000.0,2022-03-29 22:11:31,"@Rolanda80510161 Hello, Rolanda. Our team is certainly sorry to hear of your SRX concerns and would like to investigate them further. So that we may, please feel free to send us a direct message.  https://t.co/URhQRs9PVT",en,[],[],https://twitter.com/Cadillac/status/1508809078625165329,['https://twitter.com/messages/compose?recipient_id=66408053'],[],0,,0,0,0
243,1508747122551803907,JeffPorterWX,1648548319000.0,2022-03-29 18:05:19,This morning's cold spots:   ü•∂ #Gaylord: 3¬∞ ü•∂ #Cadillac: 7¬∞ ü•∂ #Manistee: 9¬∞ ü•∂ #MtPleasant: 15¬∞ ü•∂ #Hastings: 16¬∞  #wwmt #miwx #WestMichigan,en,"['gaylord', 'cadillac', 'manistee', 'mtpleasant', 'hastings', 'wwmt', 'miwx', 'westmichigan']",[],https://twitter.com/JeffPorterWX/status/1508747122551803907,[],[],0,,2,0,0
247,1508650154685091841,9and10News,1648525200000.0,2022-03-29 11:40:00,The not-so-nice weather led to some pretty choppy waters out on Lake Cadillac.  Photojournalist Greg Miller managed to catch some of it for today‚Äôs Sights and Sounds.  https://t.co/HA54DHQ2oA,en,[],[],https://twitter.com/9and10News/status/1508650154685091841,['https://www.9and10news.com/2022/03/28/sights-and-sounds-choppy-waters-of-lake-cadillac/'],[],0,,2,0,0
248,1508613170209955845,roadshow,1648516383000.0,2022-03-29 09:13:03,"Get Ready, Production of the 2023 Cadillac Lyriq Has Begun  https://t.co/Cc60ufvqyU",en,[],[],https://twitter.com/roadshow/status/1508613170209955845,['https://trib.al/0a7C9Ed'],[],0,,8,0,1
249,1508607442938122240,ABREG_1,1648515017000.0,2022-03-29 08:50:17,Cadillac Candy‚Äôs Debut  April 20th @keeneland  https://t.co/RUl250AE7B,en,[],[],https://twitter.com/ABREG_1/status/1508607442938122240,[],[],1,https://pbs.twimg.com/ext_tw_video_thumb/1508607380287893510/pu/img/tZ5Np77g6EC35XPx.jpg,77,4,3
250,1508601395863339010,SNYtv,1648513575000.0,2022-03-29 08:26:15,"How has Max Scherzer influenced Jacob deGrom so far?   https://t.co/ZoDWvxE7IS  @cwilliamson44, @AnthonyDiComo, @Todd_Zeile &amp; @NYNJHarper discuss it on Baseball Night in New York!  ‚ñ∂ @Cadillac  https://t.co/0a9z4NFcqW",en,[],[],https://twitter.com/SNYtv/status/1508601395863339010,['https://on.sny.tv/nDQtc4y'],[],1,https://pbs.twimg.com/amplify_video_thumb/1508595706520559616/img/bGlq-vtl_gd4tWI4.jpg,26,1,3
251,1508558399008477190,realracing,1648503324000.0,2022-03-29 05:35:24,"Real Racing 3 brings the ultra-rare, highly requested Koenigsegg Jesko to the game in a new special event. As well as a new Cadillac, Chevrolet and Mercedes. Plus we debut an all-new Photo Mode feature. Update out now!  https://t.co/V6GySyPRlu",en,[],[],https://twitter.com/realracing/status/1508558399008477190,[],['https://pbs.twimg.com/media/FO95nqnVgAQIATk.jpg'],1,https://pbs.twimg.com/media/FO95nqnVgAQIATk.jpg,132,28,23
252,1508551351436906496,CadillacCanada,1648501644000.0,2022-03-29 05:07:24,"@puertoricanuck Hi, Pete. We recognize your anticipation and just want to say congratulations on your new CT4-V Blackwing. If you would like our team to look into your order status, send us a DM including your address, contact info, order number, and selling dealership so we may best assist. ^JR",en,[],[],https://twitter.com/CadillacCanada/status/1508551351436906496,[],[],0,,0,0,0
255,1508496440284389380,JustCallmeBHunt,1648488552000.0,2022-03-29 01:29:12,Dang‚Ä¶Detroit got Hardknocks and the 2024 NFL Draft. Dope! They gon have it in Campus Martius or Cadillac Square.,en,[],[],https://twitter.com/JustCallmeBHunt/status/1508496440284389380,[],[],0,,4,1,0
256,1508496162256523268,Pct1Constable,1648488486000.0,2022-03-29 01:28:06,".@Pct1Constable Tactical Patrol Division works to take drugs off our streets. On February 23, 2022, members of @ConstableRosen's Tactical Patrol Division conducted a traffic stop on a black Cadillac for a traffic violation in the area of Shepherd Park and Oak Forest.  https://t.co/qO5Kp1b5an",en,[],[],https://twitter.com/Pct1Constable/status/1508496162256523268,[],"['https://pbs.twimg.com/media/FO9A6eCXoAURLnR.jpg', 'https://pbs.twimg.com/media/FO9BCNZWYAQSdc6.jpg']",1,https://pbs.twimg.com/media/FO9A6eCXoAURLnR.jpg,6,1,0
257,1508473397054885891,CadillacCanada,1648483058000.0,2022-03-28 23:57:38,We sponsored @ ElectricAutonmy‚Äôs The Electric Fuelling Station of the Future design competition to inspire the positive possibilities and innovative benefits of an EV lifestyle. Read more on @FastCompany.,en,[],[],https://twitter.com/CadillacCanada/status/1508473397054885891,[],[],0,,3,0,0
258,1508473338594746374,CadillacCanada,1648483044000.0,2022-03-28 23:57:24,"To help advance our vision of an all-electric future, Cadillac Canada sponsored @ElectricAutonmy‚Äôs The Electric Fuelling Station of the Future design competition. Read what @BusinessInsider has said about the winning designs featuring the all-electric Cadillac LYRIQ.",en,[],[],https://twitter.com/CadillacCanada/status/1508473338594746374,[],[],0,,4,0,1
261,1508413623487578113,JeffPorterWX,1648468807000.0,2022-03-28 20:00:07,"The most charming tweet I've ever sent: It's still snowing in #Cadillac, and the wind chill is 7¬∞ in #Kalamazoo.",en,"['cadillac', 'kalamazoo']",[],https://twitter.com/JeffPorterWX/status/1508413623487578113,[],[],0,,10,0,0
262,1508406996650758145,Cadillac,1648467227000.0,2022-03-28 19:33:47,"@KynanB33 More information about the Escalade V-Series will be revealed this spring. You can stay up to date on all upcoming announcements at  https://t.co/skvX9lMLJu. If you have additional questions, please feel free to DM us.  https://t.co/URhQRrSexj",en,[],[],https://twitter.com/Cadillac/status/1508406996650758145,"['https://s.gm.com/e2c2nq', 'https://twitter.com/messages/compose?recipient_id=66408053']",[],0,,0,0,0
286,1508292838030819335,thedrive,1648440009000.0,2022-03-28 12:00:09,The 668-hp 2022 Cadillac CT5-V Blackwing is the only new V8 sedan you can buy in the U.S. with a manual transmission. Thank goodness it's an absolute joy.  https://t.co/LuxJrk4Wm3,en,[],[],https://twitter.com/thedrive/status/1508292838030819335,['https://www.thedrive.com/new-cars/41697/2022-cadillac-ct5-v-blackwing-first-drive-review-a-grand-finale-for-explosive-v8-manual-power'],[],0,,30,0,3
288,1508218031733809156,Cadillac,1648422174000.0,2022-03-28 07:02:54,"@KynanB33 For the 2022 models, Buckle to Drive is a standard feature on all models and Puddle Lamps with projected Cadillac crest are standard on Platinum trims. We recommend speaking with your preferred dealer about Super Cruise. Please send us a DM if you have any additional questions.  https://t.co/URhQRrSexj",en,[],[],https://twitter.com/Cadillac/status/1508218031733809156,['https://twitter.com/messages/compose?recipient_id=66408053'],[],0,,0,1,0
289,1508158202801758218,bsteffen,1648407910000.0,2022-03-28 03:05:10,"This is about as cold a day as you can get in MI in late March.  Here's a Lake MI satellite pic., radar (lots of blue - snow showers - it's cold), Holland St. Park and the Keweenaw Channel.  Currently 27¬∞ in Gr. Rapids (wind chill 13¬∞), 19¬∞ in Cadillac and 13¬∞ at Houghton  https://t.co/tiUB3qRi0P",en,[],[],https://twitter.com/bsteffen/status/1508158202801758218,[],"['https://pbs.twimg.com/media/FO4Nx7-XwAoGAyi.jpg', 'https://pbs.twimg.com/media/FO4N0u1WUAE6Eaw.png', 'https://pbs.twimg.com/media/FO4N2RWXIAgZWrn.jpg', 'https://pbs.twimg.com/media/FO4N4HJWQAQ40C3.jpg']",1,https://pbs.twimg.com/media/FO4Nx7-XwAoGAyi.jpg,19,3,4
291,1508144090029846531,BallySportWest,1648404545000.0,2022-03-28 02:09:05,üö® Spence is on the board üö®  #CadillacHighlight | @Cadillac | @LAKings  https://t.co/GogYhB24xv,en,['cadillachighlight'],[],https://twitter.com/BallySportWest/status/1508144090029846531,[],[],1,https://pbs.twimg.com/ext_tw_video_thumb/1508144054965444609/pu/img/p-z7VDf_M9yaSqHk.jpg,8,0,1
292,1508051399929696260,959thefox,1648382446000.0,2022-03-27 20:00:46,Donate a new Stuffed Animal to our 95.9 THE FOX Cadillac of Greenwich Bears that Care Drive! We give the Bears and Stuffed animals to our Police Departments to use on calls with kids. Here is all the details:  https://t.co/l2Di1ET4VY  https://t.co/8wGJzrGkUr,en,[],[],https://twitter.com/959thefox/status/1508051399929696260,['http://ow.ly/2iqR50I7012'],['https://pbs.twimg.com/media/FO2swY8XsAA8irg.jpg'],1,https://pbs.twimg.com/media/FO2swY8XsAA8irg.jpg,0,0,0
294,1507931585894662148,caroljsroth,1648353880000.0,2022-03-27 12:04:40,First prize is a Cadillac Eldorado ... Second prize? A set of steak knives. Third prize is you're fired.,en,[],[],https://twitter.com/caroljsroth/status/1507931585894662148,[],[],0,,307,63,11
295,1507922631596515331,JSCollinsAP,1648351745000.0,2022-03-27 11:29:05,Ahhhh. USL is back. Tonight I‚Äôm not sure if the pink Cadillac on the sideline means Memphis or Las Vegas is the home team.,en,[],[],https://twitter.com/JSCollinsAP/status/1507922631596515331,[],[],0,,0,0,0
296,1507850190505582599,roadshow,1648334474000.0,2022-03-27 06:41:14,2023 Cadillac Lyriq Electric SUV Production Begins in Tennessee  https://t.co/DP9JwI5B1x,en,[],[],https://twitter.com/roadshow/status/1507850190505582599,['https://trib.al/QY6JEOy'],[],0,,5,0,1
298,1507807376979550208,BallySportWest,1648324267000.0,2022-03-27 03:51:07,The Lob. The JAM‚ùóÔ∏è #CadillacHighlight | @Cadillac | @LAClippers  https://t.co/IwL5mYYOkh,en,['cadillachighlight'],[],https://twitter.com/BallySportWest/status/1507807376979550208,[],[],1,https://pbs.twimg.com/ext_tw_video_thumb/1507807211539496960/pu/img/eI8UH24nWPLBCAy6.jpg,3,0,1
299,1507801465514967041,ejaf,1648322857000.0,2022-03-27 03:27:37,"We‚Äôd also like to say thanks to our amazing Co-Sponsors who help make #EJAFOscars a huge success: @Cadillac @GileadSciences @kellehermatch, Robert K. Kraft, The Leonard &amp; Judy Lauder Fund and @MACcosmetics ‚ú®",en,['ejafoscars'],[],https://twitter.com/ejaf/status/1507801465514967041,[],[],0,,10,0,1
300,1507787735360282632,Barrett_Jackson,1648319584000.0,2022-03-27 02:33:04,"This 1954 Cadillac Eldorado convertible is one of 2,150 produced. Powered by a 331ci V8 and equipped with air conditioning and power windows. Lot #664 is selling with No Reserve at the 2022 Palm Beach Auction  More info  https://t.co/3Cn3UjxRHf Full article  https://t.co/6k4LHUjozt  https://t.co/KqnQo9j9GX",en,[],[],https://twitter.com/Barrett_Jackson/status/1507787735360282632,"['http://bit.ly/PB22-1954CadillacEldorado', 'http://bit.ly/PB22-TopOfTheWorld']","['https://pbs.twimg.com/media/FOy88a7WUAU2yK1.jpg', 'https://pbs.twimg.com/media/FOy88ovWUAwoua_.jpg', 'https://pbs.twimg.com/media/FOy883uXMAUO2g8.jpg', 'https://pbs.twimg.com/media/FOy89C7WUAk_Z2k.jpg']",1,https://pbs.twimg.com/media/FOy88a7WUAU2yK1.jpg,70,1,6
301,1507766244014968833,DellMatchPlay,1648314460000.0,2022-03-27 01:07:40,One of the most popular venues this week. üëå   Visit the Cadillac Lounge for an up close and personal view of the 11th green.  https://t.co/FUD3rLFVY3,en,[],[],https://twitter.com/DellMatchPlay/status/1507766244014968833,[],"['https://pbs.twimg.com/media/FOyhWsFWQAcb1zW.jpg', 'https://pbs.twimg.com/media/FOyhwEQXEAkWiTc.jpg']",1,https://pbs.twimg.com/media/FOyhWsFWQAcb1zW.jpg,0,1,1
302,1507763768050262026,JBrescacin11,1648313869000.0,2022-03-27 00:57:49,@_hiiicam They were I just remember Cadillac running everyone over on the Bucs üòÇ,en,[],[],https://twitter.com/JBrescacin11/status/1507763768050262026,[],[],0,,0,0,0
303,1507762607977025536,JBrescacin11,1648313593000.0,2022-03-27 00:53:13,@_hiiicam I remember Cadillac on the Bucs!,en,[],[],https://twitter.com/JBrescacin11/status/1507762607977025536,[],[],0,,0,1,0
304,1507757016881590272,therealautoblog,1648312260000.0,2022-03-27 00:31:00,Spy photos capture next-gen Cadillac CT6:  https://t.co/k3eXU4RVCY  https://t.co/5upcGmq33d,en,[],[],https://twitter.com/therealautoblog/status/1507757016881590272,['http://bit.ly/3JtRljS'],['https://pbs.twimg.com/media/FOefcy_XEAYAPp7.jpg'],1,https://pbs.twimg.com/media/FOefcy_XEAYAPp7.jpg,17,1,5
305,1507707692030255110,therealautoblog,1648300500000.0,2022-03-26 21:15:00,Opening the door on the Cadillac InnerSpace.  https://t.co/vtSbfpmOGd,en,[],[],https://twitter.com/therealautoblog/status/1507707692030255110,[],[],1,https://pbs.twimg.com/amplify_video_thumb/1498727899817463817/img/BtWPnAznvzJ-_Mk-.jpg,55,12,17
306,1507686762042249224,Laura_Dudas,1648295510000.0,2022-03-26 19:51:50,"@twitandrewking Cadillac Fleetwood Brougham, all the way! Black on black.",en,[],[],https://twitter.com/Laura_Dudas/status/1507686762042249224,[],[],0,,1,0,0
307,1507564350604824582,Revkin,1648266325000.0,2022-03-26 11:45:25,@drvolts @fmanjoo Can't read this @fmanjoo column chiding Dems for not foregrounding climate change in the context of #Putinswar ‚§¥Ô∏è without thinking back to the recent column on falling in love with the @Cadillac #Escalade:  https://t.co/ALXy6TtzYp,en,"['putinswar', 'escalade']",[],https://twitter.com/Revkin/status/1507564350604824582,['https://www.nytimes.com/2022/02/04/opinion/self-driving-car-escalade.html?referringSource=articleShare'],[],0,,3,0,0
308,1507529497230381063,thenikrivers,1648258015000.0,2022-03-26 09:26:55,@Tort75 @ChipsAhoy @CrumblCookies We‚Äôre talkin store bought run of the mill here. Not your Cadillac cookies son,en,[],[],https://twitter.com/thenikrivers/status/1507529497230381063,[],[],0,,0,1,0
309,1507500094689579008,SNYtv,1648251005000.0,2022-03-26 07:30:05,"On Baseball Night in New York, @AnthonyMcCarron gives us a scout's take on Francisco √Ålvarez, and how the scout says √Ålvarez should be considered ""untouchable""   https://t.co/7wvkht3K01  ‚ñ∂ @Cadillac  https://t.co/0av2jRfAT9",en,[],[],https://twitter.com/SNYtv/status/1507500094689579008,['https://on.sny.tv/vIOKAi0'],[],1,https://pbs.twimg.com/amplify_video_thumb/1507499662546190336/img/o_tqqpl7te7_0CF7.jpg,32,1,5
310,1507462629295489024,959thefox,1648242072000.0,2022-03-26 05:01:12,Donate a new Stuffed Animal to our 95.9 THE FOX Cadillac of Greenwich Bears that Care Drive! We give the Bears and Stuffed animals to our Police Departments to use on calls with kids. Here is all the details:  https://t.co/l2Di1FaFNw  https://t.co/bBFwuqx1AZ,en,[],[],https://twitter.com/959thefox/status/1507462629295489024,['http://ow.ly/2iqR50I7012'],['https://pbs.twimg.com/media/FOuVRbJX0AYOdtN.jpg'],1,https://pbs.twimg.com/media/FOuVRbJX0AYOdtN.jpg,0,0,0
311,1507462366807871491,Fox40News,1648242010000.0,2022-03-26 05:00:10,Here‚Äôs when you can buy the Cadillac Lyriq  https://t.co/ol1aJJINoX,en,[],[],https://twitter.com/Fox40News/status/1507462366807871491,['https://fox40jackson.com/lifestyle/heres-when-you-can-buy-the-cadillac-lyriq/?utm_source=rss&utm_medium=rss&utm_campaign=heres-when-you-can-buy-the-cadillac-lyriq&utm_campaign=snd-autopilot'],[],0,,0,0,0
312,1507453836985655297,comma_ai,1648239976000.0,2022-03-26 04:26:16,comma openpilot has more users and miles than Cadillac Super Cruise and Ford BlueCruise. We are the #2 in users behind Tesla Autopilot of high end ADAS systems.,en,[],[],https://twitter.com/comma_ai/status/1507453836985655297,[],[],0,,112,1,7
313,1507452762212077568,broadwaychicago,1648239720000.0,2022-03-26 04:22:00,"Devon Goffman is playing Tommy DeVito in @JerseyBoysInfo, the founding member of The Four Seasons, &amp; is grateful to be back. His previous credits include On Your Feet!, Motown, Titanic, and Grease. See Devon at the Cadillac Palace Theatre for 1 week only starting May 3.  https://t.co/MqQsAB3oa9",en,[],[],https://twitter.com/broadwaychicago/status/1507452762212077568,[],['https://pbs.twimg.com/media/FLWHV3tXIAI5yfs.jpg'],1,https://pbs.twimg.com/media/FLWHV3tXIAI5yfs.jpg,0,0,0
315,1507438428543234056,PokerGO,1648236302000.0,2022-03-26 03:25:02,"Who's ready for more Cadillac of Poker action? Today at 4 p.m. ET (1 p.m. PT), the live final table of Event #9: $25,000 NL Hold'em airs on PokerGO.  New to PokerGO? Use code USPO22SM for $20 off a new annual subscription.   https://t.co/a4zoYAYxOr  https://t.co/C84TSZZbSD",en,[],[],https://twitter.com/PokerGO/status/1507438428543234056,['https://www.pokergo.com/schedule'],['https://pbs.twimg.com/media/FOt_QyVXIAkP8Bi.jpg'],1,https://pbs.twimg.com/media/FOt_QyVXIAkP8Bi.jpg,8,0,0
316,1507433930345099270,HansonOHaver,1648235230000.0,2022-03-26 03:07:10,"@NathanReese no rules here‚Ä¶ pure chaos‚Ä¶ a lot of sartorial ""deadhead sticker on a cadillac"" going on",en,[],[],https://twitter.com/HansonOHaver/status/1507433930345099270,[],[],0,,1,1,0
317,1507431835764150273,roadshow,1648234731000.0,2022-03-26 02:58:51,"Depending on customer demand, GM could build nearly 200,000 of the electric Cadillac Lyriq per year  https://t.co/su5wwjB9AZ",en,[],[],https://twitter.com/roadshow/status/1507431835764150273,['https://trib.al/pcXyU3C'],[],0,,8,1,2
318,1507429050536538115,Cadillac,1648234066000.0,2022-03-26 02:47:46,"@Todd_Ironwood Hello, Todd. We regret to hear of the troubles you are having with your vehicle, and would like to investigate this further. If interested, please send us a DM with your VIN, mileage, contact information and the name of the involved dealership.   https://t.co/OxK3w1Uq4H  https://t.co/URhQRrSexj",en,[],[],https://twitter.com/Cadillac/status/1507429050536538115,"['https://s.gm.com/ymn2vd', 'https://twitter.com/messages/compose?recipient_id=66408053']",[],0,,0,0,0
319,1507408278745231370,thesailorsgirl,1648229114000.0,2022-03-26 01:25:14,"Oil money increased the price of slaves...'it is a form of snobbery out there‚Äîlike having a Cadillac. Whereas formerly an able-bodied man slave cost ¬£50, he now costs ¬£150. Whereas formerly an attractive girl cost ¬£150, she now costs anything between ¬£400 and ¬£700.'",en,[],[],https://twitter.com/thesailorsgirl/status/1507408278745231370,[],[],0,,0,0,1
320,1507401578231349249,MFG_GM,1648227517000.0,2022-03-26 00:58:37,"Earlier this week at our @Cadillac LYRIQ event, the hard work, commitment, and #mfg excellence of our #GMSpringHill team was on display, and serves as a model for how we will transition other assembly operations for EV production. Read more:  https://t.co/gRQzKuFtxU  https://t.co/wCDWbpKPhd",en,"['mfg', 'gmspringhill']",[],https://twitter.com/MFG_GM/status/1507401578231349249,['https://bit.ly/3iTeGQB'],['https://pbs.twimg.com/media/FOtdvv-WQA8HXw9.jpg'],1,https://pbs.twimg.com/media/FOtdvv-WQA8HXw9.jpg,38,2,7
321,1507397457591914501,roadshow,1648226534000.0,2022-03-26 00:42:14,2023 Cadillac Lyriq Electric SUV Production Begins in Tennessee  https://t.co/zbO5TkwGYe,en,[],[],https://twitter.com/roadshow/status/1507397457591914501,['https://trib.al/5M4hiGx'],[],0,,14,0,0
322,1507394019155980289,247Sports,1648225714000.0,2022-03-26 00:28:34,Cadillac Williams and Ronnie Brown at @AuburnFootball were a DYNAMIC duo. üò§  Two of the best to ever do it. @CoachCaddy24 @ronnie23brown   (via @CFB_History)      https://t.co/6qESr6xTKe,en,[],[],https://twitter.com/247Sports/status/1507394019155980289,[],[],1,https://pbs.twimg.com/ext_tw_video_thumb/1417280623375527936/pu/img/bKULEThq4T36dSpu.jpg,1581,35,316
323,1507387285687443468,weatherchannel,1648224109000.0,2022-03-26 00:01:49,"""Classy... Elegance... Luxury...""  ""What are we? A Cadillac?""  https://t.co/F62w4SkMQh",en,[],[],https://twitter.com/weatherchannel/status/1507387285687443468,[],[],1,https://pbs.twimg.com/ext_tw_video_thumb/1507386116319723531/pu/img/1Su-TZinL0kNyUMX.jpg,103,5,24
324,1507386841615540227,MGMGrandDetroit,1648224003000.0,2022-03-26 00:00:03,üéÄ GRAND PRIZE DRAWING TONIGHT!   Don't miss your chance to drive away in a brand new 2022 Cadillac XT5.  Learn More:  https://t.co/1ic1zWTKAJ  (21+ | Excludes MI DPL)  https://t.co/UUbvsug9nj,en,[],[],https://twitter.com/MGMGrandDetroit/status/1507386841615540227,['http://spr.ly/6011KUitb'],['https://pbs.twimg.com/media/FOtQV3CWYAEb1fL.jpg'],1,https://pbs.twimg.com/media/FOtQV3CWYAEb1fL.jpg,2,0,0
325,1507374523292733441,Barrett_Jackson,1648221066000.0,2022-03-25 23:11:06,"Who you gonna call? GHOSTBUSTERS! This 1992 Cadillac Fleetwood Brougham Hearse Ecto-1 recreation was completed in 2017 after the 2016 movie ""Ghostbusters: Answer the Call."" Lot #642 is selling with No Reserve at the 2022 Palm Beach Auction. Learn more here  https://t.co/KuhQj7ZeZm  https://t.co/2t3BsS8Nw5",en,[],[],https://twitter.com/Barrett_Jackson/status/1507374523292733441,['http://bit.ly/PB22-1992Ecto-1'],"['https://pbs.twimg.com/media/FOtFIF0WQAEbAqx.jpg', 'https://pbs.twimg.com/media/FOtFIYYXIBYeIiZ.jpg', 'https://pbs.twimg.com/media/FOtFIpsWYAA6epa.jpg', 'https://pbs.twimg.com/media/FOtFI3yXsAEALDq.jpg']",1,https://pbs.twimg.com/media/FOtFIF0WQAEbAqx.jpg,45,1,10
327,1507371447894913029,broadwaychicago,1648220333000.0,2022-03-25 22:58:53,"We've got sunshine on a cloudy day! ‚òÄÔ∏è Tickets are now on sale for @AintTooProudMusical -""an electrifying musical"" (The Washington Post)! Coming to the Cadillac Palace Theatre May 24 - June 5 only.  https://t.co/G3fbX1mMRr  https://t.co/0seJNA9Lzt",en,[],[],https://twitter.com/broadwaychicago/status/1507371447894913029,['https://bit.ly/AintTooProud_CHI'],[],1,https://pbs.twimg.com/ext_tw_video_thumb/1507371258907877383/pu/img/xmb1XYfe3KBWSemJ.jpg,3,0,1
328,1507366589850554370,DG_Reports,1648219175000.0,2022-03-25 22:39:35,#BREAKING: You can see a Cadillac Escalade and a Uhaul rental Chevy Silverado with smashed front ends being towed at the scene. They were facing each other. #fox13 @fox13seattle  https://t.co/breKl5J0DG,en,"['breaking', 'fox13']",[],https://twitter.com/DG_Reports/status/1507366589850554370,[],[],1,https://pbs.twimg.com/ext_tw_video_thumb/1507366556824588292/pu/img/FOJ_Fu1P5hUT63Km.jpg,6,1,1
331,1507360510056017927,PNCArtsCenter,1648217725000.0,2022-03-25 22:15:25,#OnSaleNow üíÄ @RobZombie and @Mudvayne with @OfficialStaticX and Powerman 5000 - July 31st!  ‚≠êÔ∏è Let‚Äôs do this! Get tickets now &gt;  https://t.co/aNnbKmnLqx  Part of the #Cadillac Tri-State Concert Series ü§ò  https://t.co/UuQFB2fYqp,en,"['onsalenow', 'cadillac']",[],https://twitter.com/PNCArtsCenter/status/1507360510056017927,['https://livemu.sc/3tu7BvQ'],[],1,https://pbs.twimg.com/amplify_video_thumb/1507360411510837255/img/OJSxxvAHx_3XJkpl.jpg,4,0,0
332,1507358571516002304,StarCinema,1648217263000.0,2022-03-25 22:07:43,Vice Ganda gave a glimpse of his 2021 Cadillac Escalade in one of his YouTube vlogs.    https://t.co/Hn2mDuQeRK,en,[],[],https://twitter.com/StarCinema/status/1507358571516002304,['https://bit.ly/3Nf9yUC'],[],0,,9,0,1
333,1507355907293954048,MSGNetworks,1648216628000.0,2022-03-25 21:57:08,How many points did Latrell Sprewell average in the 2001-2002 season?  @Cadillac | #CadillacTrivia,en,['cadillactrivia'],[],https://twitter.com/MSGNetworks/status/1507355907293954048,[],[],0,,1,1,1
335,1507349835250348039,GM,1648215180000.0,2022-03-25 21:33:00,"@DesJarlaisTN04 With the @Cadillac LYRIQ, you're sure to be the envy of everyone. üòâ Thanks for sharing your support.",en,[],[],https://twitter.com/GM/status/1507349835250348039,[],[],0,,1,0,0
336,1507338546214064171,marc_saltzman,1648212489000.0,2022-03-25 20:48:09,"One more sleep.  Excited for the new episode of #TechImpact to drop tomorrow, on @FoxBusiness, at 12pm ET/9am PT.  @Cadillac's CMO Melissa Grady Dias is great. üôèüöó",en,['techimpact'],[],https://twitter.com/marc_saltzman/status/1507338546214064171,[],[],0,,0,0,0
338,1507215840772468736,byjoelanderson,1648183233000.0,2022-03-25 12:40:33,"@olutrain But for the first couple years of Bill Foster and Cadillac Anderson, ain‚Äôt been much to speak of over there. It‚Äôs been long past time.",en,[],[],https://twitter.com/byjoelanderson/status/1507215840772468736,[],[],0,,2,0,1
339,1507211926090264595,9and10News,1648182300000.0,2022-03-25 12:25:00,"The First Presbyterian Church in Cadillac is celebrating 150 years by passing along kindness.  It‚Äôs called, be the I in-kind campaign.  https://t.co/ccptCC79jN",en,[],[],https://twitter.com/9and10News/status/1507211926090264595,['https://www.9and10news.com/2022/03/24/first-presbyterian-church-in-cadillac-be-the-i-in-kind-campaign/'],[],0,,1,0,0
341,1507161343719362564,Snapdragon,1648170240000.0,2022-03-25 09:04:00,One step closer to seeing the @Cadillac LYRIQ on the road - much of the revolutionary tech inside the vehicle is enabled by the Snapdragon #DigitalChassis.,en,['digitalchassis'],[],https://twitter.com/Snapdragon/status/1507161343719362564,[],[],0,,29,0,3
342,1507157572226269201,SNYtv,1648169341000.0,2022-03-25 08:49:01,"On Baseball Night in New York, @emacSNY asks @SlangsOnSports, @JerryBlevins &amp; @NYNJHarper who has the best rotation in Major League Baseball   https://t.co/oUI38yAkPd  ‚ñ∂ @Cadillac  https://t.co/xZLpbZuwh4",en,[],[],https://twitter.com/SNYtv/status/1507157572226269201,['https://on.sny.tv/PrfydBx'],[],1,https://pbs.twimg.com/amplify_video_thumb/1507153489708957704/img/2GQBt-wg94xzWUbH.jpg,14,0,2
